"FullName","Name"
"D:\Projetos\Fusion ENGINE\Starlight-Engine-Mark-1-main\build_log_utf8.txt","build_log_utf8.txt"
"D:\Projetos\Fusion ENGINE\Starlight-Engine-Mark-1-main\CHANGELOG.md","CHANGELOG.md"
"D:\Projetos\Fusion ENGINE\Starlight-Engine-Mark-1-main\CMakeLists.txt","CMakeLists.txt"
"D:\Projetos\Fusion ENGINE\Starlight-Engine-Mark-1-main\CONTRIBUTING.md","CONTRIBUTING.md"
"D:\Projetos\Fusion ENGINE\Starlight-Engine-Mark-1-main\README.md","README.md"
"D:\Projetos\Fusion ENGINE\Starlight-Engine-Mark-1-main\task.md","task.md"
"D:\Projetos\Fusion ENGINE\Starlight-Engine-Mark-1-main\.agent\AGENTS.md","AGENTS.md"
"D:\Projetos\Fusion ENGINE\Starlight-Engine-Mark-1-main\.agent\skills\README.md","README.md"
"D:\Projetos\Fusion ENGINE\Starlight-Engine-Mark-1-main\.agent\skills\assets-manage\SKILL.md","SKILL.md"
"D:\Projetos\Fusion ENGINE\Starlight-Engine-Mark-1-main\.agent\skills\audio-3d\SKILL.md","SKILL.md"
"D:\Projetos\Fusion ENGINE\Starlight-Engine-Mark-1-main\.agent\skills\audio-analysis-fft\SKILL.md","SKILL.md"
"D:\Projetos\Fusion ENGINE\Starlight-Engine-Mark-1-main\.agent\skills\audio-doppler\SKILL.md","SKILL.md"
"D:\Projetos\Fusion ENGINE\Starlight-Engine-Mark-1-main\.agent\skills\audio-footsteps\SKILL.md","SKILL.md"
"D:\Projetos\Fusion ENGINE\Starlight-Engine-Mark-1-main\.agent\skills\audio-hrtf\SKILL.md","SKILL.md"
"D:\Projetos\Fusion ENGINE\Starlight-Engine-Mark-1-main\.agent\skills\audio-mixer-groups\SKILL.md","SKILL.md"
"D:\Projetos\Fusion ENGINE\Starlight-Engine-Mark-1-main\.agent\skills\audio-music\SKILL.md","SKILL.md"
"D:\Projetos\Fusion ENGINE\Starlight-Engine-Mark-1-main\.agent\skills\audio-music-transitions\SKILL.md","SKILL.md"
"D:\Projetos\Fusion ENGINE\Starlight-Engine-Mark-1-main\.agent\skills\audio-occlusion\SKILL.md","SKILL.md"
"D:\Projetos\Fusion ENGINE\Starlight-Engine-Mark-1-main\.agent\skills\audio-reverb-zones\SKILL.md","SKILL.md"
"D:\Projetos\Fusion ENGINE\Starlight-Engine-Mark-1-main\.agent\skills\audio-sfx\SKILL.md","SKILL.md"
"D:\Projetos\Fusion ENGINE\Starlight-Engine-Mark-1-main\.agent\skills\audio-synthesis\SKILL.md","SKILL.md"
"D:\Projetos\Fusion ENGINE\Starlight-Engine-Mark-1-main\.agent\skills\audio-voice-chat\SKILL.md","SKILL.md"
"D:\Projetos\Fusion ENGINE\Starlight-Engine-Mark-1-main\.agent\skills\audit-full-project\SKILL.md","SKILL.md"
"D:\Projetos\Fusion ENGINE\Starlight-Engine-Mark-1-main\.agent\skills\blender-export\SKILL.md","SKILL.md"
"D:\Projetos\Fusion ENGINE\Starlight-Engine-Mark-1-main\.agent\skills\ci-cd-pipeline\SKILL.md","SKILL.md"
"D:\Projetos\Fusion ENGINE\Starlight-Engine-Mark-1-main\.agent\skills\clean-project\SKILL.md","SKILL.md"
"D:\Projetos\Fusion ENGINE\Starlight-Engine-Mark-1-main\.agent\skills\code-polish\SKILL.md","SKILL.md"
"D:\Projetos\Fusion ENGINE\Starlight-Engine-Mark-1-main\.agent\skills\code-refactor\SKILL.md","SKILL.md"
"D:\Projetos\Fusion ENGINE\Starlight-Engine-Mark-1-main\.agent\skills\collision-layers\SKILL.md","SKILL.md"
"D:\Projetos\Fusion ENGINE\Starlight-Engine-Mark-1-main\.agent\skills\config-management\SKILL.md","SKILL.md"
"D:\Projetos\Fusion ENGINE\Starlight-Engine-Mark-1-main\.agent\skills\editor-asset-browser\SKILL.md","SKILL.md"
"D:\Projetos\Fusion ENGINE\Starlight-Engine-Mark-1-main\.agent\skills\editor-console\SKILL.md","SKILL.md"
"D:\Projetos\Fusion ENGINE\Starlight-Engine-Mark-1-main\.agent\skills\editor-gizmos\SKILL.md","SKILL.md"
"D:\Projetos\Fusion ENGINE\Starlight-Engine-Mark-1-main\.agent\skills\editor-inspector\SKILL.md","SKILL.md"
"D:\Projetos\Fusion ENGINE\Starlight-Engine-Mark-1-main\.agent\skills\editor-play-mode\SKILL.md","SKILL.md"
"D:\Projetos\Fusion ENGINE\Starlight-Engine-Mark-1-main\.agent\skills\editor-prefab-editor\SKILL.md","SKILL.md"
"D:\Projetos\Fusion ENGINE\Starlight-Engine-Mark-1-main\.agent\skills\editor-profiler-ui\SKILL.md","SKILL.md"
"D:\Projetos\Fusion ENGINE\Starlight-Engine-Mark-1-main\.agent\skills\editor-scene-hierarchy\SKILL.md","SKILL.md"
"D:\Projetos\Fusion ENGINE\Starlight-Engine-Mark-1-main\.agent\skills\editor-timeline\SKILL.md","SKILL.md"
"D:\Projetos\Fusion ENGINE\Starlight-Engine-Mark-1-main\.agent\skills\editor-tooling\SKILL.md","SKILL.md"
"D:\Projetos\Fusion ENGINE\Starlight-Engine-Mark-1-main\.agent\skills\editor-undo-redo\SKILL.md","SKILL.md"
"D:\Projetos\Fusion ENGINE\Starlight-Engine-Mark-1-main\.agent\skills\enemy-ai-patterns\SKILL.md","SKILL.md"
"D:\Projetos\Fusion ENGINE\Starlight-Engine-Mark-1-main\.agent\skills\engine-audit\SKILL.md","SKILL.md"
"D:\Projetos\Fusion ENGINE\Starlight-Engine-Mark-1-main\.agent\skills\event-system\SKILL.md","SKILL.md"
"D:\Projetos\Fusion ENGINE\Starlight-Engine-Mark-1-main\.agent\skills\finite-state-machine\SKILL.md","SKILL.md"
"D:\Projetos\Fusion ENGINE\Starlight-Engine-Mark-1-main\.agent\skills\game-ability-system\SKILL.md","SKILL.md"
"D:\Projetos\Fusion ENGINE\Starlight-Engine-Mark-1-main\.agent\skills\game-achievements\SKILL.md","SKILL.md"
"D:\Projetos\Fusion ENGINE\Starlight-Engine-Mark-1-main\.agent\skills\game-camera-system\SKILL.md","SKILL.md"
"D:\Projetos\Fusion ENGINE\Starlight-Engine-Mark-1-main\.agent\skills\game-design-patterns\SKILL.md","SKILL.md"
"D:\Projetos\Fusion ENGINE\Starlight-Engine-Mark-1-main\.agent\skills\game-dialogue-manager\SKILL.md","SKILL.md"
"D:\Projetos\Fusion ENGINE\Starlight-Engine-Mark-1-main\.agent\skills\game-interaction-system\SKILL.md","SKILL.md"
"D:\Projetos\Fusion ENGINE\Starlight-Engine-Mark-1-main\.agent\skills\game-inventory-system\SKILL.md","SKILL.md"
"D:\Projetos\Fusion ENGINE\Starlight-Engine-Mark-1-main\.agent\skills\game-progression-gallery\SKILL.md","SKILL.md"
"D:\Projetos\Fusion ENGINE\Starlight-Engine-Mark-1-main\.agent\skills\game-quest-system\SKILL.md","SKILL.md"
"D:\Projetos\Fusion ENGINE\Starlight-Engine-Mark-1-main\.agent\skills\game-save-cloud\SKILL.md","SKILL.md"
"D:\Projetos\Fusion ENGINE\Starlight-Engine-Mark-1-main\.agent\skills\game-stat-system\SKILL.md","SKILL.md"
"D:\Projetos\Fusion ENGINE\Starlight-Engine-Mark-1-main\.agent\skills\game-tutorial-system\SKILL.md","SKILL.md"
"D:\Projetos\Fusion ENGINE\Starlight-Engine-Mark-1-main\.agent\skills\git-workflow\SKILL.md","SKILL.md"
"D:\Projetos\Fusion ENGINE\Starlight-Engine-Mark-1-main\.agent\skills\hotfix\SKILL.md","SKILL.md"
"D:\Projetos\Fusion ENGINE\Starlight-Engine-Mark-1-main\.agent\skills\input-mapping\SKILL.md","SKILL.md"
"D:\Projetos\Fusion ENGINE\Starlight-Engine-Mark-1-main\.agent\skills\level-design-guidelines\SKILL.md","SKILL.md"
"D:\Projetos\Fusion ENGINE\Starlight-Engine-Mark-1-main\.agent\skills\localization-i18n\SKILL.md","SKILL.md"
"D:\Projetos\Fusion ENGINE\Starlight-Engine-Mark-1-main\.agent\skills\log-analysis\SKILL.md","SKILL.md"
"D:\Projetos\Fusion ENGINE\Starlight-Engine-Mark-1-main\.agent\skills\modding-support\SKILL.md","SKILL.md"
"D:\Projetos\Fusion ENGINE\Starlight-Engine-Mark-1-main\.agent\skills\model-optimization\SKILL.md","SKILL.md"
"D:\Projetos\Fusion ENGINE\Starlight-Engine-Mark-1-main\.agent\skills\net-chat-system\SKILL.md","SKILL.md"
"D:\Projetos\Fusion ENGINE\Starlight-Engine-Mark-1-main\.agent\skills\net-dedicated-server\SKILL.md","SKILL.md"
"D:\Projetos\Fusion ENGINE\Starlight-Engine-Mark-1-main\.agent\skills\net-interpolation\SKILL.md","SKILL.md"
"D:\Projetos\Fusion ENGINE\Starlight-Engine-Mark-1-main\.agent\skills\net-lag-compensation\SKILL.md","SKILL.md"
"D:\Projetos\Fusion ENGINE\Starlight-Engine-Mark-1-main\.agent\skills\net-lobby-system\SKILL.md","SKILL.md"
"D:\Projetos\Fusion ENGINE\Starlight-Engine-Mark-1-main\.agent\skills\net-multiplayer-basic\SKILL.md","SKILL.md"
"D:\Projetos\Fusion ENGINE\Starlight-Engine-Mark-1-main\.agent\skills\net-prediction\SKILL.md","SKILL.md"
"D:\Projetos\Fusion ENGINE\Starlight-Engine-Mark-1-main\.agent\skills\net-replication\SKILL.md","SKILL.md"
"D:\Projetos\Fusion ENGINE\Starlight-Engine-Mark-1-main\.agent\skills\net-security\SKILL.md","SKILL.md"
"D:\Projetos\Fusion ENGINE\Starlight-Engine-Mark-1-main\.agent\skills\net-serialization\SKILL.md","SKILL.md"
"D:\Projetos\Fusion ENGINE\Starlight-Engine-Mark-1-main\.agent\skills\net-voice-transport\SKILL.md","SKILL.md"
"D:\Projetos\Fusion ENGINE\Starlight-Engine-Mark-1-main\.agent\skills\new-demo\SKILL.md","SKILL.md"
"D:\Projetos\Fusion ENGINE\Starlight-Engine-Mark-1-main\.agent\skills\noise-algorithms\SKILL.md","SKILL.md"
"D:\Projetos\Fusion ENGINE\Starlight-Engine-Mark-1-main\.agent\skills\opt-build-size\SKILL.md","SKILL.md"
"D:\Projetos\Fusion ENGINE\Starlight-Engine-Mark-1-main\.agent\skills\opt-culling-frustum\SKILL.md","SKILL.md"
"D:\Projetos\Fusion ENGINE\Starlight-Engine-Mark-1-main\.agent\skills\opt-culling-occlusion\SKILL.md","SKILL.md"
"D:\Projetos\Fusion ENGINE\Starlight-Engine-Mark-1-main\.agent\skills\opt-ecs-archetypes\SKILL.md","SKILL.md"
"D:\Projetos\Fusion ENGINE\Starlight-Engine-Mark-1-main\.agent\skills\opt-instancing\SKILL.md","SKILL.md"
"D:\Projetos\Fusion ENGINE\Starlight-Engine-Mark-1-main\.agent\skills\opt-job-system\SKILL.md","SKILL.md"
"D:\Projetos\Fusion ENGINE\Starlight-Engine-Mark-1-main\.agent\skills\opt-lod-system\SKILL.md","SKILL.md"
"D:\Projetos\Fusion ENGINE\Starlight-Engine-Mark-1-main\.agent\skills\opt-memory-pool\SKILL.md","SKILL.md"
"D:\Projetos\Fusion ENGINE\Starlight-Engine-Mark-1-main\.agent\skills\opt-simd-math\SKILL.md","SKILL.md"
"D:\Projetos\Fusion ENGINE\Starlight-Engine-Mark-1-main\.agent\skills\opt-texture-streaming\SKILL.md","SKILL.md"
"D:\Projetos\Fusion ENGINE\Starlight-Engine-Mark-1-main\.agent\skills\packaging-msi\SKILL.md","SKILL.md"
"D:\Projetos\Fusion ENGINE\Starlight-Engine-Mark-1-main\.agent\skills\pathfinding-navmesh\SKILL.md","SKILL.md"
"D:\Projetos\Fusion ENGINE\Starlight-Engine-Mark-1-main\.agent\skills\performance-profile\SKILL.md","SKILL.md"
"D:\Projetos\Fusion ENGINE\Starlight-Engine-Mark-1-main\.agent\skills\physics-character-controller\SKILL.md","SKILL.md"
"D:\Projetos\Fusion ENGINE\Starlight-Engine-Mark-1-main\.agent\skills\physics-collision-events\SKILL.md","SKILL.md"
"D:\Projetos\Fusion ENGINE\Starlight-Engine-Mark-1-main\.agent\skills\physics-continuous-cd\SKILL.md","SKILL.md"
"D:\Projetos\Fusion ENGINE\Starlight-Engine-Mark-1-main\.agent\skills\physics-debug\SKILL.md","SKILL.md"
"D:\Projetos\Fusion ENGINE\Starlight-Engine-Mark-1-main\.agent\skills\physics-fluid-particles\SKILL.md","SKILL.md"
"D:\Projetos\Fusion ENGINE\Starlight-Engine-Mark-1-main\.agent\skills\physics-fracture\SKILL.md","SKILL.md"
"D:\Projetos\Fusion ENGINE\Starlight-Engine-Mark-1-main\.agent\skills\physics-layers-matrix\SKILL.md","SKILL.md"
"D:\Projetos\Fusion ENGINE\Starlight-Engine-Mark-1-main\.agent\skills\physics-query-system\SKILL.md","SKILL.md"
"D:\Projetos\Fusion ENGINE\Starlight-Engine-Mark-1-main\.agent\skills\physics-ragdoll\SKILL.md","SKILL.md"
"D:\Projetos\Fusion ENGINE\Starlight-Engine-Mark-1-main\.agent\skills\physics-soft-body\SKILL.md","SKILL.md"
"D:\Projetos\Fusion ENGINE\Starlight-Engine-Mark-1-main\.agent\skills\physics-vehicle-controller\SKILL.md","SKILL.md"
"D:\Projetos\Fusion ENGINE\Starlight-Engine-Mark-1-main\.agent\skills\platform-analytics\SKILL.md","SKILL.md"
"D:\Projetos\Fusion ENGINE\Starlight-Engine-Mark-1-main\.agent\skills\platform-crash-reporting\SKILL.md","SKILL.md"
"D:\Projetos\Fusion ENGINE\Starlight-Engine-Mark-1-main\.agent\skills\platform-discord-rpc\SKILL.md","SKILL.md"
"D:\Projetos\Fusion ENGINE\Starlight-Engine-Mark-1-main\.agent\skills\platform-display-settings\SKILL.md","SKILL.md"
"D:\Projetos\Fusion ENGINE\Starlight-Engine-Mark-1-main\.agent\skills\platform-dlc-manager\SKILL.md","SKILL.md"
"D:\Projetos\Fusion ENGINE\Starlight-Engine-Mark-1-main\.agent\skills\platform-input-remapping\SKILL.md","SKILL.md"
"D:\Projetos\Fusion ENGINE\Starlight-Engine-Mark-1-main\.agent\skills\platform-localization-tool\SKILL.md","SKILL.md"
"D:\Projetos\Fusion ENGINE\Starlight-Engine-Mark-1-main\.agent\skills\platform-mod-support\SKILL.md","SKILL.md"
"D:\Projetos\Fusion ENGINE\Starlight-Engine-Mark-1-main\.agent\skills\platform-steam-api\SKILL.md","SKILL.md"
"D:\Projetos\Fusion ENGINE\Starlight-Engine-Mark-1-main\.agent\skills\platform-video-player\SKILL.md","SKILL.md"
"D:\Projetos\Fusion ENGINE\Starlight-Engine-Mark-1-main\.agent\skills\procedural-generation\SKILL.md","SKILL.md"
"D:\Projetos\Fusion ENGINE\Starlight-Engine-Mark-1-main\.agent\skills\procgen-tropical-forest\SKILL.md","SKILL.md"
"D:\Projetos\Fusion ENGINE\Starlight-Engine-Mark-1-main\.agent\skills\profiling-tracy\SKILL.md","SKILL.md"
"D:\Projetos\Fusion ENGINE\Starlight-Engine-Mark-1-main\.agent\skills\project-cleanup\SKILL.md","SKILL.md"
"D:\Projetos\Fusion ENGINE\Starlight-Engine-Mark-1-main\.agent\skills\quaternion-rotation\SKILL.md","SKILL.md"
"D:\Projetos\Fusion ENGINE\Starlight-Engine-Mark-1-main\.agent\skills\raycasting\SKILL.md","SKILL.md"
"D:\Projetos\Fusion ENGINE\Starlight-Engine-Mark-1-main\.agent\skills\realistic-forest\SKILL.md","SKILL.md"
"D:\Projetos\Fusion ENGINE\Starlight-Engine-Mark-1-main\.agent\skills\release-package\SKILL.md","SKILL.md"
"D:\Projetos\Fusion ENGINE\Starlight-Engine-Mark-1-main\.agent\skills\render-dof\SKILL.md","SKILL.md"
"D:\Projetos\Fusion ENGINE\Starlight-Engine-Mark-1-main\.agent\skills\render-lighting\SKILL.md","SKILL.md"
"D:\Projetos\Fusion ENGINE\Starlight-Engine-Mark-1-main\.agent\skills\render-materials\SKILL.md","SKILL.md"
"D:\Projetos\Fusion ENGINE\Starlight-Engine-Mark-1-main\.agent\skills\render-motion-blur\SKILL.md","SKILL.md"
"D:\Projetos\Fusion ENGINE\Starlight-Engine-Mark-1-main\.agent\skills\render-pbr-ibl\SKILL.md","SKILL.md"
"D:\Projetos\Fusion ENGINE\Starlight-Engine-Mark-1-main\.agent\skills\render-pipeline-check\SKILL.md","SKILL.md"
"D:\Projetos\Fusion ENGINE\Starlight-Engine-Mark-1-main\.agent\skills\render-post-bloom\SKILL.md","SKILL.md"
"D:\Projetos\Fusion ENGINE\Starlight-Engine-Mark-1-main\.agent\skills\render-post-process\SKILL.md","SKILL.md"
"D:\Projetos\Fusion ENGINE\Starlight-Engine-Mark-1-main\.agent\skills\render-post-tonemap\SKILL.md","SKILL.md"
"D:\Projetos\Fusion ENGINE\Starlight-Engine-Mark-1-main\.agent\skills\render-shadows-csm\SKILL.md","SKILL.md"
"D:\Projetos\Fusion ENGINE\Starlight-Engine-Mark-1-main\.agent\skills\render-shadows-pcf\SKILL.md","SKILL.md"
"D:\Projetos\Fusion ENGINE\Starlight-Engine-Mark-1-main\.agent\skills\render-ssao\SKILL.md","SKILL.md"
"D:\Projetos\Fusion ENGINE\Starlight-Engine-Mark-1-main\.agent\skills\render-ssr\SKILL.md","SKILL.md"
"D:\Projetos\Fusion ENGINE\Starlight-Engine-Mark-1-main\.agent\skills\render-volumetric-fog\SKILL.md","SKILL.md"
"D:\Projetos\Fusion ENGINE\Starlight-Engine-Mark-1-main\.agent\skills\save-system\SKILL.md","SKILL.md"
"D:\Projetos\Fusion ENGINE\Starlight-Engine-Mark-1-main\.agent\skills\security-audit\SKILL.md","SKILL.md"
"D:\Projetos\Fusion ENGINE\Starlight-Engine-Mark-1-main\.agent\skills\shader-dev\SKILL.md","SKILL.md"
"D:\Projetos\Fusion ENGINE\Starlight-Engine-Mark-1-main\.agent\skills\starlight-2d-minigame-standards\SKILL.md","SKILL.md"
"D:\Projetos\Fusion ENGINE\Starlight-Engine-Mark-1-main\.agent\skills\starlight-master\SKILL.md","SKILL.md"
"D:\Projetos\Fusion ENGINE\Starlight-Engine-Mark-1-main\.agent\skills\starlight-standard\SKILL.md","SKILL.md"
"D:\Projetos\Fusion ENGINE\Starlight-Engine-Mark-1-main\.agent\skills\texture-optimization\SKILL.md","SKILL.md"
"D:\Projetos\Fusion ENGINE\Starlight-Engine-Mark-1-main\.agent\skills\ui-accessibility\SKILL.md","SKILL.md"
"D:\Projetos\Fusion ENGINE\Starlight-Engine-Mark-1-main\.agent\skills\ui-damage-numbers\SKILL.md","SKILL.md"
"D:\Projetos\Fusion ENGINE\Starlight-Engine-Mark-1-main\.agent\skills\ui-dialogue-visual\SKILL.md","SKILL.md"
"D:\Projetos\Fusion ENGINE\Starlight-Engine-Mark-1-main\.agent\skills\ui-inventory-grid\SKILL.md","SKILL.md"
"D:\Projetos\Fusion ENGINE\Starlight-Engine-Mark-1-main\.agent\skills\ui-layout-flexbox\SKILL.md","SKILL.md"
"D:\Projetos\Fusion ENGINE\Starlight-Engine-Mark-1-main\.agent\skills\ui-minimap\SKILL.md","SKILL.md"
"D:\Projetos\Fusion ENGINE\Starlight-Engine-Mark-1-main\.agent\skills\ui-rich-text\SKILL.md","SKILL.md"
"D:\Projetos\Fusion ENGINE\Starlight-Engine-Mark-1-main\.agent\skills\ui-settings-menu\SKILL.md","SKILL.md"
"D:\Projetos\Fusion ENGINE\Starlight-Engine-Mark-1-main\.agent\skills\ui-skill-tree\SKILL.md","SKILL.md"
"D:\Projetos\Fusion ENGINE\Starlight-Engine-Mark-1-main\.agent\skills\ui-theming\SKILL.md","SKILL.md"
"D:\Projetos\Fusion ENGINE\Starlight-Engine-Mark-1-main\.agent\skills\ui-widgets\SKILL.md","SKILL.md"
"D:\Projetos\Fusion ENGINE\Starlight-Engine-Mark-1-main\.agent\skills\ui-world-space\SKILL.md","SKILL.md"
"D:\Projetos\Fusion ENGINE\Starlight-Engine-Mark-1-main\.agent\skills\vector-math\SKILL.md","SKILL.md"
"D:\Projetos\Fusion ENGINE\Starlight-Engine-Mark-1-main\.agent\skills\version-control-branching\SKILL.md","SKILL.md"
"D:\Projetos\Fusion ENGINE\Starlight-Engine-Mark-1-main\.agent\skills\visual-scripting\SKILL.md","SKILL.md"
"D:\Projetos\Fusion ENGINE\Starlight-Engine-Mark-1-main\.agent\workflows\install_imgui.md","install_imgui.md"
"D:\Projetos\Fusion ENGINE\Starlight-Engine-Mark-1-main\.github\PULL_REQUEST_TEMPLATE.md","PULL_REQUEST_TEMPLATE.md"
"D:\Projetos\Fusion ENGINE\Starlight-Engine-Mark-1-main\docs\api_reference.md","api_reference.md"
"D:\Projetos\Fusion ENGINE\Starlight-Engine-Mark-1-main\docs\ARCHITECTURE.md","ARCHITECTURE.md"
"D:\Projetos\Fusion ENGINE\Starlight-Engine-Mark-1-main\docs\framework_guide.md","framework_guide.md"
"D:\Projetos\Fusion ENGINE\Starlight-Engine-Mark-1-main\docs\QUICKSTART.md","QUICKSTART.md"
"D:\Projetos\Fusion ENGINE\Starlight-Engine-Mark-1-main\docs\retro_development.md","retro_development.md"
"D:\Projetos\Fusion ENGINE\Starlight-Engine-Mark-1-main\docs\settings_guide.md","settings_guide.md"
"D:\Projetos\Fusion ENGINE\Starlight-Engine-Mark-1-main\docs\archive\future_roadmap.md","future_roadmap.md"
"D:\Projetos\Fusion ENGINE\Starlight-Engine-Mark-1-main\docs\archive\GAP_ANALYSIS.md","GAP_ANALYSIS.md"
"D:\Projetos\Fusion ENGINE\Starlight-Engine-Mark-1-main\docs\archive\v5_IMPLEMENTATION_NOTES.md","v5_IMPLEMENTATION_NOTES.md"
"D:\Projetos\Fusion ENGINE\Starlight-Engine-Mark-1-main\docs\blueprint\architecture.md","architecture.md"
"D:\Projetos\Fusion ENGINE\Starlight-Engine-Mark-1-main\docs\blueprint\inventory.md","inventory.md"
"D:\Projetos\Fusion ENGINE\Starlight-Engine-Mark-1-main\docs\reports\ANALYSIS_REPORT.md","ANALYSIS_REPORT.md"
"D:\Projetos\Fusion ENGINE\Starlight-Engine-Mark-1-main\docs\reports\PROJECT_EVOLUTION_REPORT.md","PROJECT_EVOLUTION_REPORT.md"
"D:\Projetos\Fusion ENGINE\Starlight-Engine-Mark-1-main\docs\reports\TEST_RESULTS.md","TEST_RESULTS.md"
"D:\Projetos\Fusion ENGINE\Starlight-Engine-Mark-1-main\docs\reports\TEST_RESULTS_2.md","TEST_RESULTS_2.md"
"D:\Projetos\Fusion ENGINE\Starlight-Engine-Mark-1-main\docs\reports\TEST_RESULTS_3.md","TEST_RESULTS_3.md"
"D:\Projetos\Fusion ENGINE\Starlight-Engine-Mark-1-main\_archive_mark1\test_forward_plus.py","test_forward_plus.py"
"D:\Projetos\Fusion ENGINE\Starlight-Engine-Mark-1-main\_archive_mark1\wasm_build.sh","wasm_build.sh"
"D:\Projetos\Fusion ENGINE\Starlight-Engine-Mark-1-main\_archive_mark1\.agent\skills\ai-blackboard-shared\SKILL.md","SKILL.md"
"D:\Projetos\Fusion ENGINE\Starlight-Engine-Mark-1-main\_archive_mark1\.agent\skills\ai-cover-system\SKILL.md","SKILL.md"
"D:\Projetos\Fusion ENGINE\Starlight-Engine-Mark-1-main\_archive_mark1\.agent\skills\ai-dialogue-llm\SKILL.md","SKILL.md"
"D:\Projetos\Fusion ENGINE\Starlight-Engine-Mark-1-main\_archive_mark1\.agent\skills\ai-goap\SKILL.md","SKILL.md"
"D:\Projetos\Fusion ENGINE\Starlight-Engine-Mark-1-main\_archive_mark1\.agent\skills\ai-navmesh-generation\SKILL.md","SKILL.md"
"D:\Projetos\Fusion ENGINE\Starlight-Engine-Mark-1-main\_archive_mark1\.agent\skills\ai-pathfinding-astar\SKILL.md","SKILL.md"
"D:\Projetos\Fusion ENGINE\Starlight-Engine-Mark-1-main\_archive_mark1\.agent\skills\ai-perception-hearing\SKILL.md","SKILL.md"
"D:\Projetos\Fusion ENGINE\Starlight-Engine-Mark-1-main\_archive_mark1\.agent\skills\ai-perception-vision\SKILL.md","SKILL.md"
"D:\Projetos\Fusion ENGINE\Starlight-Engine-Mark-1-main\_archive_mark1\.agent\skills\ai-steering-behaviors\SKILL.md","SKILL.md"
"D:\Projetos\Fusion ENGINE\Starlight-Engine-Mark-1-main\_archive_mark1\.agent\skills\ai-utility-system\SKILL.md","SKILL.md"
"D:\Projetos\Fusion ENGINE\Starlight-Engine-Mark-1-main\_archive_mark1\.agent\skills\anthropic-python-concepts\SKILL.md","SKILL.md"
"D:\Projetos\Fusion ENGINE\Starlight-Engine-Mark-1-main\_archive_mark1\.agent\skills\behavior-trees\SKILL.md","SKILL.md"
"D:\Projetos\Fusion ENGINE\Starlight-Engine-Mark-1-main\_archive_mark1\.agent\skills\benchmarks-rust\SKILL.md","SKILL.md"
"D:\Projetos\Fusion ENGINE\Starlight-Engine-Mark-1-main\_archive_mark1\.agent\skills\cli-automation\SKILL.md","SKILL.md"
"D:\Projetos\Fusion ENGINE\Starlight-Engine-Mark-1-main\_archive_mark1\.agent\skills\core-game-loop\SKILL.md","SKILL.md"
"D:\Projetos\Fusion ENGINE\Starlight-Engine-Mark-1-main\_archive_mark1\.agent\skills\core-input-manager\SKILL.md","SKILL.md"
"D:\Projetos\Fusion ENGINE\Starlight-Engine-Mark-1-main\_archive_mark1\.agent\skills\core-scene-manager\SKILL.md","SKILL.md"
"D:\Projetos\Fusion ENGINE\Starlight-Engine-Mark-1-main\_archive_mark1\.agent\skills\core-scripting-api\SKILL.md","SKILL.md"
"D:\Projetos\Fusion ENGINE\Starlight-Engine-Mark-1-main\_archive_mark1\.agent\skills\debug-python-errors\SKILL.md","SKILL.md"
"D:\Projetos\Fusion ENGINE\Starlight-Engine-Mark-1-main\_archive_mark1\.agent\skills\debug-rust-errors\SKILL.md","SKILL.md"
"D:\Projetos\Fusion ENGINE\Starlight-Engine-Mark-1-main\_archive_mark1\.agent\skills\dependency-check\SKILL.md","SKILL.md"
"D:\Projetos\Fusion ENGINE\Starlight-Engine-Mark-1-main\_archive_mark1\.agent\skills\documentation-sphinx\SKILL.md","SKILL.md"
"D:\Projetos\Fusion ENGINE\Starlight-Engine-Mark-1-main\_archive_mark1\.agent\skills\ecs-component\SKILL.md","SKILL.md"
"D:\Projetos\Fusion ENGINE\Starlight-Engine-Mark-1-main\_archive_mark1\.agent\skills\ecs-system\SKILL.md","SKILL.md"
"D:\Projetos\Fusion ENGINE\Starlight-Engine-Mark-1-main\_archive_mark1\.agent\skills\fix-rust-warnings\SKILL.md","SKILL.md"
"D:\Projetos\Fusion ENGINE\Starlight-Engine-Mark-1-main\_archive_mark1\.agent\skills\microsoft-rust-style\SKILL.md","SKILL.md"
"D:\Projetos\Fusion ENGINE\Starlight-Engine-Mark-1-main\_archive_mark1\.agent\skills\python-bindings\SKILL.md","SKILL.md"
"D:\Projetos\Fusion ENGINE\Starlight-Engine-Mark-1-main\_archive_mark1\.agent\skills\python-decorators\SKILL.md","SKILL.md"
"D:\Projetos\Fusion ENGINE\Starlight-Engine-Mark-1-main\_archive_mark1\.agent\skills\python-numpy-integration\SKILL.md","SKILL.md"
"D:\Projetos\Fusion ENGINE\Starlight-Engine-Mark-1-main\_archive_mark1\.agent\skills\rapier-physics-3d\SKILL.md","SKILL.md"
"D:\Projetos\Fusion ENGINE\Starlight-Engine-Mark-1-main\_archive_mark1\.agent\skills\rust-build\SKILL.md","SKILL.md"
"D:\Projetos\Fusion ENGINE\Starlight-Engine-Mark-1-main\_archive_mark1\.agent\skills\rust-concurrency\SKILL.md","SKILL.md"
"D:\Projetos\Fusion ENGINE\Starlight-Engine-Mark-1-main\_archive_mark1\.agent\skills\rust-memory-management\SKILL.md","SKILL.md"
"D:\Projetos\Fusion ENGINE\Starlight-Engine-Mark-1-main\_archive_mark1\.agent\skills\unit-testing-python\SKILL.md","SKILL.md"
"D:\Projetos\Fusion ENGINE\Starlight-Engine-Mark-1-main\_archive_mark1\.agent\skills\wgpu-renderer\SKILL.md","SKILL.md"
"D:\Projetos\Fusion ENGINE\Starlight-Engine-Mark-1-main\_archive_mark1\crates\engine_core\error_core.txt","error_core.txt"
"D:\Projetos\Fusion ENGINE\Starlight-Engine-Mark-1-main\_archive_mark1\demos\audio_test.py","audio_test.py"
"D:\Projetos\Fusion ENGINE\Starlight-Engine-Mark-1-main\_archive_mark1\demos\client_log.txt","client_log.txt"
"D:\Projetos\Fusion ENGINE\Starlight-Engine-Mark-1-main\_archive_mark1\demos\debug_cube.py","debug_cube.py"
"D:\Projetos\Fusion ENGINE\Starlight-Engine-Mark-1-main\_archive_mark1\demos\demo_multiplayer.py","demo_multiplayer.py"
"D:\Projetos\Fusion ENGINE\Starlight-Engine-Mark-1-main\_archive_mark1\demos\easy_game.py","easy_game.py"
"D:\Projetos\Fusion ENGINE\Starlight-Engine-Mark-1-main\_archive_mark1\demos\flocking_test.py","flocking_test.py"
"D:\Projetos\Fusion ENGINE\Starlight-Engine-Mark-1-main\_archive_mark1\demos\forest_headless.py","forest_headless.py"
"D:\Projetos\Fusion ENGINE\Starlight-Engine-Mark-1-main\_archive_mark1\demos\forest_magic.py","forest_magic.py"
"D:\Projetos\Fusion ENGINE\Starlight-Engine-Mark-1-main\_archive_mark1\demos\framework_test.py","framework_test.py"
"D:\Projetos\Fusion ENGINE\Starlight-Engine-Mark-1-main\_archive_mark1\demos\generate_tree.py","generate_tree.py"
"D:\Projetos\Fusion ENGINE\Starlight-Engine-Mark-1-main\_archive_mark1\demos\interactive_physics.py","interactive_physics.py"
"D:\Projetos\Fusion ENGINE\Starlight-Engine-Mark-1-main\_archive_mark1\demos\island_survival.py","island_survival.py"
"D:\Projetos\Fusion ENGINE\Starlight-Engine-Mark-1-main\_archive_mark1\demos\particles_showcase.py","particles_showcase.py"
"D:\Projetos\Fusion ENGINE\Starlight-Engine-Mark-1-main\_archive_mark1\demos\physics_test.py","physics_test.py"
"D:\Projetos\Fusion ENGINE\Starlight-Engine-Mark-1-main\_archive_mark1\demos\river_safari.py","river_safari.py"
"D:\Projetos\Fusion ENGINE\Starlight-Engine-Mark-1-main\_archive_mark1\demos\run_rust_maestro.py","run_rust_maestro.py"
"D:\Projetos\Fusion ENGINE\Starlight-Engine-Mark-1-main\_archive_mark1\demos\showcase_forest.py","showcase_forest.py"
"D:\Projetos\Fusion ENGINE\Starlight-Engine-Mark-1-main\_archive_mark1\demos\skills_demo.py","skills_demo.py"
"D:\Projetos\Fusion ENGINE\Starlight-Engine-Mark-1-main\_archive_mark1\demos\solar_system.py","solar_system.py"
"D:\Projetos\Fusion ENGINE\Starlight-Engine-Mark-1-main\_archive_mark1\demos\space_shooter.py","space_shooter.py"
"D:\Projetos\Fusion ENGINE\Starlight-Engine-Mark-1-main\_archive_mark1\demos\storm.py","storm.py"
"D:\Projetos\Fusion ENGINE\Starlight-Engine-Mark-1-main\_archive_mark1\demos\template_scene.py","template_scene.py"
"D:\Projetos\Fusion ENGINE\Starlight-Engine-Mark-1-main\_archive_mark1\demos\tropical_jungle.py","tropical_jungle.py"
"D:\Projetos\Fusion ENGINE\Starlight-Engine-Mark-1-main\_archive_mark1\demos\ultimate_showcase.py","ultimate_showcase.py"
"D:\Projetos\Fusion ENGINE\Starlight-Engine-Mark-1-main\_archive_mark1\demos\ultra_realistic_forest.py","ultra_realistic_forest.py"
"D:\Projetos\Fusion ENGINE\Starlight-Engine-Mark-1-main\_archive_mark1\docs\API.md","API.md"
"D:\Projetos\Fusion ENGINE\Starlight-Engine-Mark-1-main\_archive_mark1\docs\API_REFERENCE.md","API_REFERENCE.md"
"D:\Projetos\Fusion ENGINE\Starlight-Engine-Mark-1-main\_archive_mark1\docs\ARQUITETURA.md","ARQUITETURA.md"
"D:\Projetos\Fusion ENGINE\Starlight-Engine-Mark-1-main\_archive_mark1\docs\BACKUP_GUIDE.md","BACKUP_GUIDE.md"
"D:\Projetos\Fusion ENGINE\Starlight-Engine-Mark-1-main\_archive_mark1\docs\index.md","index.md"
"D:\Projetos\Fusion ENGINE\Starlight-Engine-Mark-1-main\_archive_mark1\docs\LAUNCHER.md","LAUNCHER.md"
"D:\Projetos\Fusion ENGINE\Starlight-Engine-Mark-1-main\_archive_mark1\docs\MANUAL.md","MANUAL.md"
"D:\Projetos\Fusion ENGINE\Starlight-Engine-Mark-1-main\_archive_mark1\docs\PROJECT_STRUCTURE.md","PROJECT_STRUCTURE.md"
"D:\Projetos\Fusion ENGINE\Starlight-Engine-Mark-1-main\_archive_mark1\docs\QUICKSTART.md","QUICKSTART.md"
"D:\Projetos\Fusion ENGINE\Starlight-Engine-Mark-1-main\_archive_mark1\docs\README.md","README.md"
"D:\Projetos\Fusion ENGINE\Starlight-Engine-Mark-1-main\_archive_mark1\docs\RESEARCH.md","RESEARCH.md"
"D:\Projetos\Fusion ENGINE\Starlight-Engine-Mark-1-main\_archive_mark1\docs\RESEARCH_ENGINES_LOWEND.md","RESEARCH_ENGINES_LOWEND.md"
"D:\Projetos\Fusion ENGINE\Starlight-Engine-Mark-1-main\_archive_mark1\docs\RESEARCH_GAME_ENGINES.md","RESEARCH_GAME_ENGINES.md"
"D:\Projetos\Fusion ENGINE\Starlight-Engine-Mark-1-main\_archive_mark1\docs\ROADMAP.md","ROADMAP.md"
"D:\Projetos\Fusion ENGINE\Starlight-Engine-Mark-1-main\_archive_mark1\docs\TUTORIAL.md","TUTORIAL.md"
"D:\Projetos\Fusion ENGINE\Starlight-Engine-Mark-1-main\_archive_mark1\games\demo.py","demo.py"
"D:\Projetos\Fusion ENGINE\Starlight-Engine-Mark-1-main\_archive_mark1\games\island_escape.py","island_escape.py"
"D:\Projetos\Fusion ENGINE\Starlight-Engine-Mark-1-main\_archive_mark1\games\island_game.py","island_game.py"
"D:\Projetos\Fusion ENGINE\Starlight-Engine-Mark-1-main\_archive_mark1\games\pong.py","pong.py"
"D:\Projetos\Fusion ENGINE\Starlight-Engine-Mark-1-main\_archive_mark1\games\starlight_defender.py","starlight_defender.py"
"D:\Projetos\Fusion ENGINE\Starlight-Engine-Mark-1-main\_archive_mark1\games\starlight_defender_v2.py","starlight_defender_v2.py"
"D:\Projetos\Fusion ENGINE\Starlight-Engine-Mark-1-main\_archive_mark1\games\starlight_odyssey.py","starlight_odyssey.py"
"D:\Projetos\Fusion ENGINE\Starlight-Engine-Mark-1-main\_archive_mark1\games\test_text.py","test_text.py"
"D:\Projetos\Fusion ENGINE\Starlight-Engine-Mark-1-main\_archive_mark1\pysrc\debug\analyze_build_log.py","analyze_build_log.py"
"D:\Projetos\Fusion ENGINE\Starlight-Engine-Mark-1-main\_archive_mark1\pysrc\debug\check_backend.py","check_backend.py"
"D:\Projetos\Fusion ENGINE\Starlight-Engine-Mark-1-main\_archive_mark1\pysrc\debug\check_tex.py","check_tex.py"
"D:\Projetos\Fusion ENGINE\Starlight-Engine-Mark-1-main\_archive_mark1\pysrc\debug\check_timestamp.py","check_timestamp.py"
"D:\Projetos\Fusion ENGINE\Starlight-Engine-Mark-1-main\_archive_mark1\pysrc\debug\debug_backend.py","debug_backend.py"
"D:\Projetos\Fusion ENGINE\Starlight-Engine-Mark-1-main\_archive_mark1\pysrc\debug\debug_import.py","debug_import.py"
"D:\Projetos\Fusion ENGINE\Starlight-Engine-Mark-1-main\_archive_mark1\pysrc\debug\debug_render_sanity.py","debug_render_sanity.py"
"D:\Projetos\Fusion ENGINE\Starlight-Engine-Mark-1-main\_archive_mark1\pysrc\debug\extract_log.py","extract_log.py"
"D:\Projetos\Fusion ENGINE\Starlight-Engine-Mark-1-main\_archive_mark1\pysrc\debug\find_string.py","find_string.py"
"D:\Projetos\Fusion ENGINE\Starlight-Engine-Mark-1-main\_archive_mark1\pysrc\debug\read_build_log.py","read_build_log.py"
"D:\Projetos\Fusion ENGINE\Starlight-Engine-Mark-1-main\_archive_mark1\pysrc\debug\read_error.py","read_error.py"
"D:\Projetos\Fusion ENGINE\Starlight-Engine-Mark-1-main\_archive_mark1\pysrc\debug\read_error_2.py","read_error_2.py"
"D:\Projetos\Fusion ENGINE\Starlight-Engine-Mark-1-main\_archive_mark1\pysrc\debug\read_log.py","read_log.py"
"D:\Projetos\Fusion ENGINE\Starlight-Engine-Mark-1-main\_archive_mark1\pysrc\debug\sanity_check.py","sanity_check.py"
"D:\Projetos\Fusion ENGINE\Starlight-Engine-Mark-1-main\_archive_mark1\pysrc\debug\test_screenshot_capability.py","test_screenshot_capability.py"
"D:\Projetos\Fusion ENGINE\Starlight-Engine-Mark-1-main\_archive_mark1\pysrc\debug\test_static_box.py","test_static_box.py"
"D:\Projetos\Fusion ENGINE\Starlight-Engine-Mark-1-main\_archive_mark1\pysrc\debug\verify_fs.py","verify_fs.py"
"D:\Projetos\Fusion ENGINE\Starlight-Engine-Mark-1-main\_archive_mark1\pysrc\debug\verify_network.py","verify_network.py"
"D:\Projetos\Fusion ENGINE\Starlight-Engine-Mark-1-main\_archive_mark1\pysrc\demos\particle_demo.py","particle_demo.py"
"D:\Projetos\Fusion ENGINE\Starlight-Engine-Mark-1-main\_archive_mark1\pysrc\engine\__init__.py","__init__.py"
"D:\Projetos\Fusion ENGINE\Starlight-Engine-Mark-1-main\_archive_mark1\pysrc\starlight\app.py","app.py"
"D:\Projetos\Fusion ENGINE\Starlight-Engine-Mark-1-main\_archive_mark1\pysrc\starlight\audio_proc.py","audio_proc.py"
"D:\Projetos\Fusion ENGINE\Starlight-Engine-Mark-1-main\_archive_mark1\pysrc\starlight\behaviour.py","behaviour.py"
"D:\Projetos\Fusion ENGINE\Starlight-Engine-Mark-1-main\_archive_mark1\pysrc\starlight\config.py","config.py"
"D:\Projetos\Fusion ENGINE\Starlight-Engine-Mark-1-main\_archive_mark1\pysrc\starlight\entity.py","entity.py"
"D:\Projetos\Fusion ENGINE\Starlight-Engine-Mark-1-main\_archive_mark1\pysrc\starlight\events.py","events.py"
"D:\Projetos\Fusion ENGINE\Starlight-Engine-Mark-1-main\_archive_mark1\pysrc\starlight\framework.py","framework.py"
"D:\Projetos\Fusion ENGINE\Starlight-Engine-Mark-1-main\_archive_mark1\pysrc\starlight\i18n.py","i18n.py"
"D:\Projetos\Fusion ENGINE\Starlight-Engine-Mark-1-main\_archive_mark1\pysrc\starlight\input.py","input.py"
"D:\Projetos\Fusion ENGINE\Starlight-Engine-Mark-1-main\_archive_mark1\pysrc\starlight\input_map.py","input_map.py"
"D:\Projetos\Fusion ENGINE\Starlight-Engine-Mark-1-main\_archive_mark1\pysrc\starlight\keys.py","keys.py"
"D:\Projetos\Fusion ENGINE\Starlight-Engine-Mark-1-main\_archive_mark1\pysrc\starlight\math.py","math.py"
"D:\Projetos\Fusion ENGINE\Starlight-Engine-Mark-1-main\_archive_mark1\pysrc\starlight\resource.py","resource.py"
"D:\Projetos\Fusion ENGINE\Starlight-Engine-Mark-1-main\_archive_mark1\pysrc\starlight\save.py","save.py"
"D:\Projetos\Fusion ENGINE\Starlight-Engine-Mark-1-main\_archive_mark1\pysrc\starlight\utils.py","utils.py"
"D:\Projetos\Fusion ENGINE\Starlight-Engine-Mark-1-main\_archive_mark1\pysrc\starlight\vfx.py","vfx.py"
"D:\Projetos\Fusion ENGINE\Starlight-Engine-Mark-1-main\_archive_mark1\pysrc\starlight\__init__.py","__init__.py"
"D:\Projetos\Fusion ENGINE\Starlight-Engine-Mark-1-main\_archive_mark1\pysrc\starlight\ai\behavior_tree.py","behavior_tree.py"
"D:\Projetos\Fusion ENGINE\Starlight-Engine-Mark-1-main\_archive_mark1\pysrc\starlight\ai\blackboard.py","blackboard.py"
"D:\Projetos\Fusion ENGINE\Starlight-Engine-Mark-1-main\_archive_mark1\pysrc\starlight\ai\cover_system.py","cover_system.py"
"D:\Projetos\Fusion ENGINE\Starlight-Engine-Mark-1-main\_archive_mark1\pysrc\starlight\ai\dialogue_llm.py","dialogue_llm.py"
"D:\Projetos\Fusion ENGINE\Starlight-Engine-Mark-1-main\_archive_mark1\pysrc\starlight\ai\fauna_behaviors.py","fauna_behaviors.py"
"D:\Projetos\Fusion ENGINE\Starlight-Engine-Mark-1-main\_archive_mark1\pysrc\starlight\ai\fsm.py","fsm.py"
"D:\Projetos\Fusion ENGINE\Starlight-Engine-Mark-1-main\_archive_mark1\pysrc\starlight\ai\goap.py","goap.py"
"D:\Projetos\Fusion ENGINE\Starlight-Engine-Mark-1-main\_archive_mark1\pysrc\starlight\ai\navmesh.py","navmesh.py"
"D:\Projetos\Fusion ENGINE\Starlight-Engine-Mark-1-main\_archive_mark1\pysrc\starlight\ai\pathfinding.py","pathfinding.py"
"D:\Projetos\Fusion ENGINE\Starlight-Engine-Mark-1-main\_archive_mark1\pysrc\starlight\ai\perception.py","perception.py"
"D:\Projetos\Fusion ENGINE\Starlight-Engine-Mark-1-main\_archive_mark1\pysrc\starlight\ai\steering_BROKEN.py","steering_BROKEN.py"
"D:\Projetos\Fusion ENGINE\Starlight-Engine-Mark-1-main\_archive_mark1\pysrc\starlight\ai\steering_system.py","steering_system.py"
"D:\Projetos\Fusion ENGINE\Starlight-Engine-Mark-1-main\_archive_mark1\pysrc\starlight\ai\utility.py","utility.py"
"D:\Projetos\Fusion ENGINE\Starlight-Engine-Mark-1-main\_archive_mark1\pysrc\starlight\ai\__init__.py","__init__.py"
"D:\Projetos\Fusion ENGINE\Starlight-Engine-Mark-1-main\_archive_mark1\pysrc\starlight\audio\audio_3d.py","audio_3d.py"
"D:\Projetos\Fusion ENGINE\Starlight-Engine-Mark-1-main\_archive_mark1\pysrc\starlight\audio\audio_manager.py","audio_manager.py"
"D:\Projetos\Fusion ENGINE\Starlight-Engine-Mark-1-main\_archive_mark1\pysrc\starlight\audio\music_manager.py","music_manager.py"
"D:\Projetos\Fusion ENGINE\Starlight-Engine-Mark-1-main\_archive_mark1\pysrc\starlight\audio\sfx_manager.py","sfx_manager.py"
"D:\Projetos\Fusion ENGINE\Starlight-Engine-Mark-1-main\_archive_mark1\pysrc\starlight\audio\__init__.py","__init__.py"
"D:\Projetos\Fusion ENGINE\Starlight-Engine-Mark-1-main\_archive_mark1\pysrc\starlight\editor\asset_browser.py","asset_browser.py"
"D:\Projetos\Fusion ENGINE\Starlight-Engine-Mark-1-main\_archive_mark1\pysrc\starlight\editor\builder.py","builder.py"
"D:\Projetos\Fusion ENGINE\Starlight-Engine-Mark-1-main\_archive_mark1\pysrc\starlight\editor\console.py","console.py"
"D:\Projetos\Fusion ENGINE\Starlight-Engine-Mark-1-main\_archive_mark1\pysrc\starlight\editor\gizmos.py","gizmos.py"
"D:\Projetos\Fusion ENGINE\Starlight-Engine-Mark-1-main\_archive_mark1\pysrc\starlight\editor\hierarchy.py","hierarchy.py"
"D:\Projetos\Fusion ENGINE\Starlight-Engine-Mark-1-main\_archive_mark1\pysrc\starlight\editor\inspector.py","inspector.py"
"D:\Projetos\Fusion ENGINE\Starlight-Engine-Mark-1-main\_archive_mark1\pysrc\starlight\editor\ipc.py","ipc.py"
"D:\Projetos\Fusion ENGINE\Starlight-Engine-Mark-1-main\_archive_mark1\pysrc\starlight\editor\main.py","main.py"
"D:\Projetos\Fusion ENGINE\Starlight-Engine-Mark-1-main\_archive_mark1\pysrc\starlight\editor\play_mode.py","play_mode.py"
"D:\Projetos\Fusion ENGINE\Starlight-Engine-Mark-1-main\_archive_mark1\pysrc\starlight\editor\prefab_editor.py","prefab_editor.py"
"D:\Projetos\Fusion ENGINE\Starlight-Engine-Mark-1-main\_archive_mark1\pysrc\starlight\editor\profiler_ui.py","profiler_ui.py"
"D:\Projetos\Fusion ENGINE\Starlight-Engine-Mark-1-main\_archive_mark1\pysrc\starlight\editor\serialization.py","serialization.py"
"D:\Projetos\Fusion ENGINE\Starlight-Engine-Mark-1-main\_archive_mark1\pysrc\starlight\editor\studio.py","studio.py"
"D:\Projetos\Fusion ENGINE\Starlight-Engine-Mark-1-main\_archive_mark1\pysrc\starlight\editor\timeline.py","timeline.py"
"D:\Projetos\Fusion ENGINE\Starlight-Engine-Mark-1-main\_archive_mark1\pysrc\starlight\editor\undo_redo.py","undo_redo.py"
"D:\Projetos\Fusion ENGINE\Starlight-Engine-Mark-1-main\_archive_mark1\pysrc\starlight\editor\__init__.py","__init__.py"
"D:\Projetos\Fusion ENGINE\Starlight-Engine-Mark-1-main\_archive_mark1\pysrc\starlight\editor\nodes\logic_graph.py","logic_graph.py"
"D:\Projetos\Fusion ENGINE\Starlight-Engine-Mark-1-main\_archive_mark1\pysrc\starlight\editor\nodes\shader_graph.py","shader_graph.py"
"D:\Projetos\Fusion ENGINE\Starlight-Engine-Mark-1-main\_archive_mark1\pysrc\starlight\engine\nebula.py","nebula.py"
"D:\Projetos\Fusion ENGINE\Starlight-Engine-Mark-1-main\_archive_mark1\pysrc\starlight\engine\__init__.py","__init__.py"
"D:\Projetos\Fusion ENGINE\Starlight-Engine-Mark-1-main\_archive_mark1\pysrc\starlight\game\ability_system.py","ability_system.py"
"D:\Projetos\Fusion ENGINE\Starlight-Engine-Mark-1-main\_archive_mark1\pysrc\starlight\game\achievement.py","achievement.py"
"D:\Projetos\Fusion ENGINE\Starlight-Engine-Mark-1-main\_archive_mark1\pysrc\starlight\game\camera_system.py","camera_system.py"
"D:\Projetos\Fusion ENGINE\Starlight-Engine-Mark-1-main\_archive_mark1\pysrc\starlight\game\dialogue.py","dialogue.py"
"D:\Projetos\Fusion ENGINE\Starlight-Engine-Mark-1-main\_archive_mark1\pysrc\starlight\game\interaction.py","interaction.py"
"D:\Projetos\Fusion ENGINE\Starlight-Engine-Mark-1-main\_archive_mark1\pysrc\starlight\game\inventory.py","inventory.py"
"D:\Projetos\Fusion ENGINE\Starlight-Engine-Mark-1-main\_archive_mark1\pysrc\starlight\game\quest_system.py","quest_system.py"
"D:\Projetos\Fusion ENGINE\Starlight-Engine-Mark-1-main\_archive_mark1\pysrc\starlight\game\save_cloud.py","save_cloud.py"
"D:\Projetos\Fusion ENGINE\Starlight-Engine-Mark-1-main\_archive_mark1\pysrc\starlight\game\stat_system.py","stat_system.py"
"D:\Projetos\Fusion ENGINE\Starlight-Engine-Mark-1-main\_archive_mark1\pysrc\starlight\game\tutorial.py","tutorial.py"
"D:\Projetos\Fusion ENGINE\Starlight-Engine-Mark-1-main\_archive_mark1\pysrc\starlight\game\__init__.py","__init__.py"
"D:\Projetos\Fusion ENGINE\Starlight-Engine-Mark-1-main\_archive_mark1\pysrc\starlight\network\manager.py","manager.py"
"D:\Projetos\Fusion ENGINE\Starlight-Engine-Mark-1-main\_archive_mark1\pysrc\starlight\network\serializer.py","serializer.py"
"D:\Projetos\Fusion ENGINE\Starlight-Engine-Mark-1-main\_archive_mark1\pysrc\starlight\network\__init__.py","__init__.py"
"D:\Projetos\Fusion ENGINE\Starlight-Engine-Mark-1-main\_archive_mark1\pysrc\starlight\platform\discord_rpc.py","discord_rpc.py"
"D:\Projetos\Fusion ENGINE\Starlight-Engine-Mark-1-main\_archive_mark1\pysrc\starlight\platform\dlc_manager.py","dlc_manager.py"
"D:\Projetos\Fusion ENGINE\Starlight-Engine-Mark-1-main\_archive_mark1\pysrc\starlight\platform\input_remapping.py","input_remapping.py"
"D:\Projetos\Fusion ENGINE\Starlight-Engine-Mark-1-main\_archive_mark1\pysrc\starlight\platform\steam_api.py","steam_api.py"
"D:\Projetos\Fusion ENGINE\Starlight-Engine-Mark-1-main\_archive_mark1\pysrc\starlight\platform\__init__.py","__init__.py"
"D:\Projetos\Fusion ENGINE\Starlight-Engine-Mark-1-main\_archive_mark1\pysrc\starlight\procgen\fauna_system.py","fauna_system.py"
"D:\Projetos\Fusion ENGINE\Starlight-Engine-Mark-1-main\_archive_mark1\pysrc\starlight\procgen\noise.py","noise.py"
"D:\Projetos\Fusion ENGINE\Starlight-Engine-Mark-1-main\_archive_mark1\pysrc\starlight\procgen\terrain.py","terrain.py"
"D:\Projetos\Fusion ENGINE\Starlight-Engine-Mark-1-main\_archive_mark1\pysrc\starlight\procgen\terrain_draft.py","terrain_draft.py"
"D:\Projetos\Fusion ENGINE\Starlight-Engine-Mark-1-main\_archive_mark1\pysrc\starlight\procgen\tropical_flora.py","tropical_flora.py"
"D:\Projetos\Fusion ENGINE\Starlight-Engine-Mark-1-main\_archive_mark1\pysrc\starlight\procgen\vegetation_spawner.py","vegetation_spawner.py"
"D:\Projetos\Fusion ENGINE\Starlight-Engine-Mark-1-main\_archive_mark1\pysrc\starlight\procgen\__init__.py","__init__.py"
"D:\Projetos\Fusion ENGINE\Starlight-Engine-Mark-1-main\_archive_mark1\pysrc\starlight\skills\base.py","base.py"
"D:\Projetos\Fusion ENGINE\Starlight-Engine-Mark-1-main\_archive_mark1\pysrc\starlight\skills\library.py","library.py"
"D:\Projetos\Fusion ENGINE\Starlight-Engine-Mark-1-main\_archive_mark1\pysrc\starlight\skills\manager.py","manager.py"
"D:\Projetos\Fusion ENGINE\Starlight-Engine-Mark-1-main\_archive_mark1\pysrc\starlight\skills\__init__.py","__init__.py"
"D:\Projetos\Fusion ENGINE\Starlight-Engine-Mark-1-main\_archive_mark1\pysrc\starlight\ui\accessibility.py","accessibility.py"
"D:\Projetos\Fusion ENGINE\Starlight-Engine-Mark-1-main\_archive_mark1\pysrc\starlight\ui\damage_numbers.py","damage_numbers.py"
"D:\Projetos\Fusion ENGINE\Starlight-Engine-Mark-1-main\_archive_mark1\pysrc\starlight\ui\flexbox.py","flexbox.py"
"D:\Projetos\Fusion ENGINE\Starlight-Engine-Mark-1-main\_archive_mark1\pysrc\starlight\ui\inventory_grid.py","inventory_grid.py"
"D:\Projetos\Fusion ENGINE\Starlight-Engine-Mark-1-main\_archive_mark1\pysrc\starlight\ui\minimap.py","minimap.py"
"D:\Projetos\Fusion ENGINE\Starlight-Engine-Mark-1-main\_archive_mark1\pysrc\starlight\ui\rich_text.py","rich_text.py"
"D:\Projetos\Fusion ENGINE\Starlight-Engine-Mark-1-main\_archive_mark1\pysrc\starlight\ui\settings_menu.py","settings_menu.py"
"D:\Projetos\Fusion ENGINE\Starlight-Engine-Mark-1-main\_archive_mark1\pysrc\starlight\ui\skill_tree.py","skill_tree.py"
"D:\Projetos\Fusion ENGINE\Starlight-Engine-Mark-1-main\_archive_mark1\pysrc\starlight\ui\world_ui.py","world_ui.py"
"D:\Projetos\Fusion ENGINE\Starlight-Engine-Mark-1-main\_archive_mark1\pysrc\starlight\ui\__init__.py","__init__.py"
"D:\Projetos\Fusion ENGINE\Starlight-Engine-Mark-1-main\_archive_mark1\pysrc\starlight\utils\image_utils.py","image_utils.py"
"D:\Projetos\Fusion ENGINE\Starlight-Engine-Mark-1-main\_archive_mark1\scripts\build_engine.py","build_engine.py"
"D:\Projetos\Fusion ENGINE\Starlight-Engine-Mark-1-main\_archive_mark1\scripts\capture_island.py","capture_island.py"
"D:\Projetos\Fusion ENGINE\Starlight-Engine-Mark-1-main\_archive_mark1\scripts\capture_screenshots.py","capture_screenshots.py"
"D:\Projetos\Fusion ENGINE\Starlight-Engine-Mark-1-main\_archive_mark1\scripts\check_quality.py","check_quality.py"
"D:\Projetos\Fusion ENGINE\Starlight-Engine-Mark-1-main\_archive_mark1\scripts\cleanup_root.py","cleanup_root.py"
"D:\Projetos\Fusion ENGINE\Starlight-Engine-Mark-1-main\_archive_mark1\scripts\debug_launch.py","debug_launch.py"
"D:\Projetos\Fusion ENGINE\Starlight-Engine-Mark-1-main\_archive_mark1\scripts\dev.py","dev.py"
"D:\Projetos\Fusion ENGINE\Starlight-Engine-Mark-1-main\_archive_mark1\scripts\final_validation.py","final_validation.py"
"D:\Projetos\Fusion ENGINE\Starlight-Engine-Mark-1-main\_archive_mark1\scripts\fix_skills.py","fix_skills.py"
"D:\Projetos\Fusion ENGINE\Starlight-Engine-Mark-1-main\_archive_mark1\scripts\generate_assets.py","generate_assets.py"
"D:\Projetos\Fusion ENGINE\Starlight-Engine-Mark-1-main\_archive_mark1\scripts\gen_assets.py","gen_assets.py"
"D:\Projetos\Fusion ENGINE\Starlight-Engine-Mark-1-main\_archive_mark1\scripts\gen_audio.py","gen_audio.py"
"D:\Projetos\Fusion ENGINE\Starlight-Engine-Mark-1-main\_archive_mark1\scripts\gen_ricochet_assets.py","gen_ricochet_assets.py"
"D:\Projetos\Fusion ENGINE\Starlight-Engine-Mark-1-main\_archive_mark1\scripts\gen_skybox.py","gen_skybox.py"
"D:\Projetos\Fusion ENGINE\Starlight-Engine-Mark-1-main\_archive_mark1\scripts\launch_editor.py","launch_editor.py"
"D:\Projetos\Fusion ENGINE\Starlight-Engine-Mark-1-main\_archive_mark1\scripts\run_phase3.py","run_phase3.py"
"D:\Projetos\Fusion ENGINE\Starlight-Engine-Mark-1-main\_archive_mark1\scripts\run_validation.py","run_validation.py"
"D:\Projetos\Fusion ENGINE\Starlight-Engine-Mark-1-main\_archive_mark1\scripts\spinner.py","spinner.py"
"D:\Projetos\Fusion ENGINE\Starlight-Engine-Mark-1-main\_archive_mark1\scripts\update_skills.py","update_skills.py"
"D:\Projetos\Fusion ENGINE\Starlight-Engine-Mark-1-main\_archive_mark1\scripts\validate_demos.py","validate_demos.py"
"D:\Projetos\Fusion ENGINE\Starlight-Engine-Mark-1-main\_archive_mark1\tests\audio_script.py","audio_script.py"
"D:\Projetos\Fusion ENGINE\Starlight-Engine-Mark-1-main\_archive_mark1\tests\conftest.py","conftest.py"
"D:\Projetos\Fusion ENGINE\Starlight-Engine-Mark-1-main\_archive_mark1\tests\demo_visual.py","demo_visual.py"
"D:\Projetos\Fusion ENGINE\Starlight-Engine-Mark-1-main\_archive_mark1\tests\ricochet_launcher.py","ricochet_launcher.py"
"D:\Projetos\Fusion ENGINE\Starlight-Engine-Mark-1-main\_archive_mark1\tests\test_config.py","test_config.py"
"D:\Projetos\Fusion ENGINE\Starlight-Engine-Mark-1-main\_archive_mark1\tests\test_core.py","test_core.py"
"D:\Projetos\Fusion ENGINE\Starlight-Engine-Mark-1-main\_archive_mark1\tests\test_math.py","test_math.py"
"D:\Projetos\Fusion ENGINE\Starlight-Engine-Mark-1-main\_archive_mark1\tests\test_network_serializer.py","test_network_serializer.py"
"D:\Projetos\Fusion ENGINE\Starlight-Engine-Mark-1-main\_archive_mark1\tests\test_particles.py","test_particles.py"
"D:\Projetos\Fusion ENGINE\Starlight-Engine-Mark-1-main\_archive_mark1\tests\test_properties.py","test_properties.py"
"D:\Projetos\Fusion ENGINE\Starlight-Engine-Mark-1-main\_archive_mark1\tests\test_sanity_vectors.py","test_sanity_vectors.py"
"D:\Projetos\Fusion ENGINE\Starlight-Engine-Mark-1-main\_archive_mark1\tests\test_skills.py","test_skills.py"
"D:\Projetos\Fusion ENGINE\Starlight-Engine-Mark-1-main\_archive_mark1\tests\test_skill_targeting.py","test_skill_targeting.py"
"D:\Projetos\Fusion ENGINE\Starlight-Engine-Mark-1-main\_archive_mark1\tests\verify_core_math_adapter.py","verify_core_math_adapter.py"
"D:\Projetos\Fusion ENGINE\Starlight-Engine-Mark-1-main\_archive_mark1\tests\verify_ecs.py","verify_ecs.py"
"D:\Projetos\Fusion ENGINE\Starlight-Engine-Mark-1-main\_archive_mark1\tests\verify_math.py","verify_math.py"
"D:\Projetos\Fusion ENGINE\Starlight-Engine-Mark-1-main\_archive_mark1\tests\manual\test_import.py","test_import.py"
"D:\Projetos\Fusion ENGINE\Starlight-Engine-Mark-1-main\_archive_mark1\tools\analyze_image.py","analyze_image.py"
"D:\Projetos\Fusion ENGINE\Starlight-Engine-Mark-1-main\_archive_mark1\tools\asset_browser.py","asset_browser.py"
"D:\Projetos\Fusion ENGINE\Starlight-Engine-Mark-1-main\_archive_mark1\tools\build_release.py","build_release.py"
"D:\Projetos\Fusion ENGINE\Starlight-Engine-Mark-1-main\_archive_mark1\tools\compress_textures.py","compress_textures.py"
"D:\Projetos\Fusion ENGINE\Starlight-Engine-Mark-1-main\_archive_mark1\tools\forest_editor.py","forest_editor.py"
"D:\Projetos\Fusion ENGINE\Starlight-Engine-Mark-1-main\_archive_mark1\tools\generate_100_skills.py","generate_100_skills.py"
"D:\Projetos\Fusion ENGINE\Starlight-Engine-Mark-1-main\_archive_mark1\tools\gen_tree.py","gen_tree.py"
"D:\Projetos\Fusion ENGINE\Starlight-Engine-Mark-1-main\_archive_mark1\tools\pack_assets.py","pack_assets.py"
"D:\Projetos\Fusion ENGINE\Starlight-Engine-Mark-1-main\_archive_mark1\tools\starlight_studio.py","starlight_studio.py"
"D:\Projetos\Fusion ENGINE\Starlight-Engine-Mark-1-main\_archive_mark1\tools\texture_converter.py","texture_converter.py"
"D:\Projetos\Fusion ENGINE\Starlight-Engine-Mark-1-main\_archive_mark1\tools\validate_assets.py","validate_assets.py"
"D:\Projetos\Fusion ENGINE\Quimera-Project-feature-initial-engine-research-and-skeleton-15858236916178612466\ARCHITECTURE.md","ARCHITECTURE.md"
"D:\Projetos\Fusion ENGINE\Quimera-Project-feature-initial-engine-research-and-skeleton-15858236916178612466\CMakeLists.txt","CMakeLists.txt"
"D:\Projetos\Fusion ENGINE\Quimera-Project-feature-initial-engine-research-and-skeleton-15858236916178612466\EXTRACTION_STRATEGY.md","EXTRACTION_STRATEGY.md"
"D:\Projetos\Fusion ENGINE\Quimera-Project-feature-initial-engine-research-and-skeleton-15858236916178612466\REPORT.md","REPORT.md"
"D:\Projetos\Fusion ENGINE\Quimera-Project-feature-initial-engine-research-and-skeleton-15858236916178612466\assets\scripts\rotate.lua","rotate.lua"
"D:\Projetos\Fusion ENGINE\Quimera-Project-feature-initial-engine-research-and-skeleton-15858236916178612466\assets\scripts\showcase.lua","showcase.lua"
