"FullName","Name","Extension"
"D:\Projetos\Fusion ENGINE\Starlight-Engine-Mark-1-main\.agent",".agent",".agent"
"D:\Projetos\Fusion ENGINE\Starlight-Engine-Mark-1-main\.github",".github",".github"
"D:\Projetos\Fusion ENGINE\Starlight-Engine-Mark-1-main\.hypothesis",".hypothesis",".hypothesis"
"D:\Projetos\Fusion ENGINE\Starlight-Engine-Mark-1-main\assets","assets",""
"D:\Projetos\Fusion ENGINE\Starlight-Engine-Mark-1-main\docs","docs",""
"D:\Projetos\Fusion ENGINE\Starlight-Engine-Mark-1-main\include","include",""
"D:\Projetos\Fusion ENGINE\Starlight-Engine-Mark-1-main\scripts","scripts",""
"D:\Projetos\Fusion ENGINE\Starlight-Engine-Mark-1-main\src","src",""
"D:\Projetos\Fusion ENGINE\Starlight-Engine-Mark-1-main\thirdparty","thirdparty",""
"D:\Projetos\Fusion ENGINE\Starlight-Engine-Mark-1-main\_archive_mark1","_archive_mark1",""
"D:\Projetos\Fusion ENGINE\Starlight-Engine-Mark-1-main\.gitignore",".gitignore",".gitignore"
"D:\Projetos\Fusion ENGINE\Starlight-Engine-Mark-1-main\.gitkeep",".gitkeep",".gitkeep"
"D:\Projetos\Fusion ENGINE\Starlight-Engine-Mark-1-main\LICENSE","LICENSE",""
"D:\Projetos\Fusion ENGINE\Starlight-Engine-Mark-1-main\.agent\skills","skills",""
"D:\Projetos\Fusion ENGINE\Starlight-Engine-Mark-1-main\.agent\workflows","workflows",""
"D:\Projetos\Fusion ENGINE\Starlight-Engine-Mark-1-main\.agent\skills\assets-manage","assets-manage",""
"D:\Projetos\Fusion ENGINE\Starlight-Engine-Mark-1-main\.agent\skills\audio-3d","audio-3d",""
"D:\Projetos\Fusion ENGINE\Starlight-Engine-Mark-1-main\.agent\skills\audio-analysis-fft","audio-analysis-fft",""
"D:\Projetos\Fusion ENGINE\Starlight-Engine-Mark-1-main\.agent\skills\audio-doppler","audio-doppler",""
"D:\Projetos\Fusion ENGINE\Starlight-Engine-Mark-1-main\.agent\skills\audio-footsteps","audio-footsteps",""
"D:\Projetos\Fusion ENGINE\Starlight-Engine-Mark-1-main\.agent\skills\audio-hrtf","audio-hrtf",""
"D:\Projetos\Fusion ENGINE\Starlight-Engine-Mark-1-main\.agent\skills\audio-mixer-groups","audio-mixer-groups",""
"D:\Projetos\Fusion ENGINE\Starlight-Engine-Mark-1-main\.agent\skills\audio-music","audio-music",""
"D:\Projetos\Fusion ENGINE\Starlight-Engine-Mark-1-main\.agent\skills\audio-music-transitions","audio-music-transitions",""
"D:\Projetos\Fusion ENGINE\Starlight-Engine-Mark-1-main\.agent\skills\audio-occlusion","audio-occlusion",""
"D:\Projetos\Fusion ENGINE\Starlight-Engine-Mark-1-main\.agent\skills\audio-reverb-zones","audio-reverb-zones",""
"D:\Projetos\Fusion ENGINE\Starlight-Engine-Mark-1-main\.agent\skills\audio-sfx","audio-sfx",""
"D:\Projetos\Fusion ENGINE\Starlight-Engine-Mark-1-main\.agent\skills\audio-synthesis","audio-synthesis",""
"D:\Projetos\Fusion ENGINE\Starlight-Engine-Mark-1-main\.agent\skills\audio-voice-chat","audio-voice-chat",""
"D:\Projetos\Fusion ENGINE\Starlight-Engine-Mark-1-main\.agent\skills\audit-full-project","audit-full-project",""
"D:\Projetos\Fusion ENGINE\Starlight-Engine-Mark-1-main\.agent\skills\blender-export","blender-export",""
"D:\Projetos\Fusion ENGINE\Starlight-Engine-Mark-1-main\.agent\skills\ci-cd-pipeline","ci-cd-pipeline",""
"D:\Projetos\Fusion ENGINE\Starlight-Engine-Mark-1-main\.agent\skills\clean-project","clean-project",""
"D:\Projetos\Fusion ENGINE\Starlight-Engine-Mark-1-main\.agent\skills\code-polish","code-polish",""
"D:\Projetos\Fusion ENGINE\Starlight-Engine-Mark-1-main\.agent\skills\code-refactor","code-refactor",""
"D:\Projetos\Fusion ENGINE\Starlight-Engine-Mark-1-main\.agent\skills\collision-layers","collision-layers",""
"D:\Projetos\Fusion ENGINE\Starlight-Engine-Mark-1-main\.agent\skills\config-management","config-management",""
"D:\Projetos\Fusion ENGINE\Starlight-Engine-Mark-1-main\.agent\skills\editor-asset-browser","editor-asset-browser",""
"D:\Projetos\Fusion ENGINE\Starlight-Engine-Mark-1-main\.agent\skills\editor-console","editor-console",""
"D:\Projetos\Fusion ENGINE\Starlight-Engine-Mark-1-main\.agent\skills\editor-gizmos","editor-gizmos",""
"D:\Projetos\Fusion ENGINE\Starlight-Engine-Mark-1-main\.agent\skills\editor-inspector","editor-inspector",""
"D:\Projetos\Fusion ENGINE\Starlight-Engine-Mark-1-main\.agent\skills\editor-play-mode","editor-play-mode",""
"D:\Projetos\Fusion ENGINE\Starlight-Engine-Mark-1-main\.agent\skills\editor-prefab-editor","editor-prefab-editor",""
"D:\Projetos\Fusion ENGINE\Starlight-Engine-Mark-1-main\.agent\skills\editor-profiler-ui","editor-profiler-ui",""
"D:\Projetos\Fusion ENGINE\Starlight-Engine-Mark-1-main\.agent\skills\editor-scene-hierarchy","editor-scene-hierarchy",""
"D:\Projetos\Fusion ENGINE\Starlight-Engine-Mark-1-main\.agent\skills\editor-timeline","editor-timeline",""
"D:\Projetos\Fusion ENGINE\Starlight-Engine-Mark-1-main\.agent\skills\editor-tooling","editor-tooling",""
"D:\Projetos\Fusion ENGINE\Starlight-Engine-Mark-1-main\.agent\skills\editor-undo-redo","editor-undo-redo",""
"D:\Projetos\Fusion ENGINE\Starlight-Engine-Mark-1-main\.agent\skills\enemy-ai-patterns","enemy-ai-patterns",""
"D:\Projetos\Fusion ENGINE\Starlight-Engine-Mark-1-main\.agent\skills\engine-audit","engine-audit",""
"D:\Projetos\Fusion ENGINE\Starlight-Engine-Mark-1-main\.agent\skills\event-system","event-system",""
"D:\Projetos\Fusion ENGINE\Starlight-Engine-Mark-1-main\.agent\skills\finite-state-machine","finite-state-machine",""
"D:\Projetos\Fusion ENGINE\Starlight-Engine-Mark-1-main\.agent\skills\game-ability-system","game-ability-system",""
"D:\Projetos\Fusion ENGINE\Starlight-Engine-Mark-1-main\.agent\skills\game-achievements","game-achievements",""
"D:\Projetos\Fusion ENGINE\Starlight-Engine-Mark-1-main\.agent\skills\game-camera-system","game-camera-system",""
"D:\Projetos\Fusion ENGINE\Starlight-Engine-Mark-1-main\.agent\skills\game-design-patterns","game-design-patterns",""
"D:\Projetos\Fusion ENGINE\Starlight-Engine-Mark-1-main\.agent\skills\game-dialogue-manager","game-dialogue-manager",""
"D:\Projetos\Fusion ENGINE\Starlight-Engine-Mark-1-main\.agent\skills\game-interaction-system","game-interaction-system",""
"D:\Projetos\Fusion ENGINE\Starlight-Engine-Mark-1-main\.agent\skills\game-inventory-system","game-inventory-system",""
"D:\Projetos\Fusion ENGINE\Starlight-Engine-Mark-1-main\.agent\skills\game-progression-gallery","game-progression-gallery",""
"D:\Projetos\Fusion ENGINE\Starlight-Engine-Mark-1-main\.agent\skills\game-quest-system","game-quest-system",""
"D:\Projetos\Fusion ENGINE\Starlight-Engine-Mark-1-main\.agent\skills\game-save-cloud","game-save-cloud",""
"D:\Projetos\Fusion ENGINE\Starlight-Engine-Mark-1-main\.agent\skills\game-stat-system","game-stat-system",""
"D:\Projetos\Fusion ENGINE\Starlight-Engine-Mark-1-main\.agent\skills\game-tutorial-system","game-tutorial-system",""
"D:\Projetos\Fusion ENGINE\Starlight-Engine-Mark-1-main\.agent\skills\git-workflow","git-workflow",""
"D:\Projetos\Fusion ENGINE\Starlight-Engine-Mark-1-main\.agent\skills\hotfix","hotfix",""
"D:\Projetos\Fusion ENGINE\Starlight-Engine-Mark-1-main\.agent\skills\input-mapping","input-mapping",""
"D:\Projetos\Fusion ENGINE\Starlight-Engine-Mark-1-main\.agent\skills\level-design-guidelines","level-design-guidelines",""
"D:\Projetos\Fusion ENGINE\Starlight-Engine-Mark-1-main\.agent\skills\localization-i18n","localization-i18n",""
"D:\Projetos\Fusion ENGINE\Starlight-Engine-Mark-1-main\.agent\skills\log-analysis","log-analysis",""
"D:\Projetos\Fusion ENGINE\Starlight-Engine-Mark-1-main\.agent\skills\modding-support","modding-support",""
"D:\Projetos\Fusion ENGINE\Starlight-Engine-Mark-1-main\.agent\skills\model-optimization","model-optimization",""
"D:\Projetos\Fusion ENGINE\Starlight-Engine-Mark-1-main\.agent\skills\net-chat-system","net-chat-system",""
"D:\Projetos\Fusion ENGINE\Starlight-Engine-Mark-1-main\.agent\skills\net-dedicated-server","net-dedicated-server",""
"D:\Projetos\Fusion ENGINE\Starlight-Engine-Mark-1-main\.agent\skills\net-interpolation","net-interpolation",""
"D:\Projetos\Fusion ENGINE\Starlight-Engine-Mark-1-main\.agent\skills\net-lag-compensation","net-lag-compensation",""
"D:\Projetos\Fusion ENGINE\Starlight-Engine-Mark-1-main\.agent\skills\net-lobby-system","net-lobby-system",""
"D:\Projetos\Fusion ENGINE\Starlight-Engine-Mark-1-main\.agent\skills\net-multiplayer-basic","net-multiplayer-basic",""
"D:\Projetos\Fusion ENGINE\Starlight-Engine-Mark-1-main\.agent\skills\net-prediction","net-prediction",""
"D:\Projetos\Fusion ENGINE\Starlight-Engine-Mark-1-main\.agent\skills\net-replication","net-replication",""
"D:\Projetos\Fusion ENGINE\Starlight-Engine-Mark-1-main\.agent\skills\net-security","net-security",""
"D:\Projetos\Fusion ENGINE\Starlight-Engine-Mark-1-main\.agent\skills\net-serialization","net-serialization",""
"D:\Projetos\Fusion ENGINE\Starlight-Engine-Mark-1-main\.agent\skills\net-voice-transport","net-voice-transport",""
"D:\Projetos\Fusion ENGINE\Starlight-Engine-Mark-1-main\.agent\skills\new-demo","new-demo",""
"D:\Projetos\Fusion ENGINE\Starlight-Engine-Mark-1-main\.agent\skills\noise-algorithms","noise-algorithms",""
"D:\Projetos\Fusion ENGINE\Starlight-Engine-Mark-1-main\.agent\skills\opt-build-size","opt-build-size",""
"D:\Projetos\Fusion ENGINE\Starlight-Engine-Mark-1-main\.agent\skills\opt-culling-frustum","opt-culling-frustum",""
"D:\Projetos\Fusion ENGINE\Starlight-Engine-Mark-1-main\.agent\skills\opt-culling-occlusion","opt-culling-occlusion",""
"D:\Projetos\Fusion ENGINE\Starlight-Engine-Mark-1-main\.agent\skills\opt-ecs-archetypes","opt-ecs-archetypes",""
"D:\Projetos\Fusion ENGINE\Starlight-Engine-Mark-1-main\.agent\skills\opt-instancing","opt-instancing",""
"D:\Projetos\Fusion ENGINE\Starlight-Engine-Mark-1-main\.agent\skills\opt-job-system","opt-job-system",""
"D:\Projetos\Fusion ENGINE\Starlight-Engine-Mark-1-main\.agent\skills\opt-lod-system","opt-lod-system",""
"D:\Projetos\Fusion ENGINE\Starlight-Engine-Mark-1-main\.agent\skills\opt-memory-pool","opt-memory-pool",""
"D:\Projetos\Fusion ENGINE\Starlight-Engine-Mark-1-main\.agent\skills\opt-simd-math","opt-simd-math",""
"D:\Projetos\Fusion ENGINE\Starlight-Engine-Mark-1-main\.agent\skills\opt-texture-streaming","opt-texture-streaming",""
"D:\Projetos\Fusion ENGINE\Starlight-Engine-Mark-1-main\.agent\skills\packaging-msi","packaging-msi",""
"D:\Projetos\Fusion ENGINE\Starlight-Engine-Mark-1-main\.agent\skills\pathfinding-navmesh","pathfinding-navmesh",""
"D:\Projetos\Fusion ENGINE\Starlight-Engine-Mark-1-main\.agent\skills\performance-profile","performance-profile",""
"D:\Projetos\Fusion ENGINE\Starlight-Engine-Mark-1-main\.agent\skills\physics-character-controller","physics-character-controller",""
"D:\Projetos\Fusion ENGINE\Starlight-Engine-Mark-1-main\.agent\skills\physics-collision-events","physics-collision-events",""
"D:\Projetos\Fusion ENGINE\Starlight-Engine-Mark-1-main\.agent\skills\physics-continuous-cd","physics-continuous-cd",""
"D:\Projetos\Fusion ENGINE\Starlight-Engine-Mark-1-main\.agent\skills\physics-debug","physics-debug",""
"D:\Projetos\Fusion ENGINE\Starlight-Engine-Mark-1-main\.agent\skills\physics-fluid-particles","physics-fluid-particles",""
"D:\Projetos\Fusion ENGINE\Starlight-Engine-Mark-1-main\.agent\skills\physics-fracture","physics-fracture",""
"D:\Projetos\Fusion ENGINE\Starlight-Engine-Mark-1-main\.agent\skills\physics-layers-matrix","physics-layers-matrix",""
"D:\Projetos\Fusion ENGINE\Starlight-Engine-Mark-1-main\.agent\skills\physics-query-system","physics-query-system",""
"D:\Projetos\Fusion ENGINE\Starlight-Engine-Mark-1-main\.agent\skills\physics-ragdoll","physics-ragdoll",""
"D:\Projetos\Fusion ENGINE\Starlight-Engine-Mark-1-main\.agent\skills\physics-soft-body","physics-soft-body",""
"D:\Projetos\Fusion ENGINE\Starlight-Engine-Mark-1-main\.agent\skills\physics-vehicle-controller","physics-vehicle-controller",""
"D:\Projetos\Fusion ENGINE\Starlight-Engine-Mark-1-main\.agent\skills\platform-analytics","platform-analytics",""
"D:\Projetos\Fusion ENGINE\Starlight-Engine-Mark-1-main\.agent\skills\platform-crash-reporting","platform-crash-reporting",""
"D:\Projetos\Fusion ENGINE\Starlight-Engine-Mark-1-main\.agent\skills\platform-discord-rpc","platform-discord-rpc",""
"D:\Projetos\Fusion ENGINE\Starlight-Engine-Mark-1-main\.agent\skills\platform-display-settings","platform-display-settings",""
"D:\Projetos\Fusion ENGINE\Starlight-Engine-Mark-1-main\.agent\skills\platform-dlc-manager","platform-dlc-manager",""
"D:\Projetos\Fusion ENGINE\Starlight-Engine-Mark-1-main\.agent\skills\platform-input-remapping","platform-input-remapping",""
"D:\Projetos\Fusion ENGINE\Starlight-Engine-Mark-1-main\.agent\skills\platform-localization-tool","platform-localization-tool",""
"D:\Projetos\Fusion ENGINE\Starlight-Engine-Mark-1-main\.agent\skills\platform-mod-support","platform-mod-support",""
"D:\Projetos\Fusion ENGINE\Starlight-Engine-Mark-1-main\.agent\skills\platform-steam-api","platform-steam-api",""
"D:\Projetos\Fusion ENGINE\Starlight-Engine-Mark-1-main\.agent\skills\platform-video-player","platform-video-player",""
"D:\Projetos\Fusion ENGINE\Starlight-Engine-Mark-1-main\.agent\skills\procedural-generation","procedural-generation",""
"D:\Projetos\Fusion ENGINE\Starlight-Engine-Mark-1-main\.agent\skills\procgen-tropical-forest","procgen-tropical-forest",""
"D:\Projetos\Fusion ENGINE\Starlight-Engine-Mark-1-main\.agent\skills\profiling-tracy","profiling-tracy",""
"D:\Projetos\Fusion ENGINE\Starlight-Engine-Mark-1-main\.agent\skills\project-cleanup","project-cleanup",""
"D:\Projetos\Fusion ENGINE\Starlight-Engine-Mark-1-main\.agent\skills\quaternion-rotation","quaternion-rotation",""
"D:\Projetos\Fusion ENGINE\Starlight-Engine-Mark-1-main\.agent\skills\raycasting","raycasting",""
"D:\Projetos\Fusion ENGINE\Starlight-Engine-Mark-1-main\.agent\skills\realistic-forest","realistic-forest",""
"D:\Projetos\Fusion ENGINE\Starlight-Engine-Mark-1-main\.agent\skills\release-package","release-package",""
"D:\Projetos\Fusion ENGINE\Starlight-Engine-Mark-1-main\.agent\skills\render-dof","render-dof",""
"D:\Projetos\Fusion ENGINE\Starlight-Engine-Mark-1-main\.agent\skills\render-lighting","render-lighting",""
"D:\Projetos\Fusion ENGINE\Starlight-Engine-Mark-1-main\.agent\skills\render-materials","render-materials",""
"D:\Projetos\Fusion ENGINE\Starlight-Engine-Mark-1-main\.agent\skills\render-motion-blur","render-motion-blur",""
"D:\Projetos\Fusion ENGINE\Starlight-Engine-Mark-1-main\.agent\skills\render-pbr-ibl","render-pbr-ibl",""
"D:\Projetos\Fusion ENGINE\Starlight-Engine-Mark-1-main\.agent\skills\render-pipeline-check","render-pipeline-check",""
"D:\Projetos\Fusion ENGINE\Starlight-Engine-Mark-1-main\.agent\skills\render-post-bloom","render-post-bloom",""
"D:\Projetos\Fusion ENGINE\Starlight-Engine-Mark-1-main\.agent\skills\render-post-process","render-post-process",""
"D:\Projetos\Fusion ENGINE\Starlight-Engine-Mark-1-main\.agent\skills\render-post-tonemap","render-post-tonemap",""
"D:\Projetos\Fusion ENGINE\Starlight-Engine-Mark-1-main\.agent\skills\render-shadows-csm","render-shadows-csm",""
"D:\Projetos\Fusion ENGINE\Starlight-Engine-Mark-1-main\.agent\skills\render-shadows-pcf","render-shadows-pcf",""
"D:\Projetos\Fusion ENGINE\Starlight-Engine-Mark-1-main\.agent\skills\render-ssao","render-ssao",""
"D:\Projetos\Fusion ENGINE\Starlight-Engine-Mark-1-main\.agent\skills\render-ssr","render-ssr",""
"D:\Projetos\Fusion ENGINE\Starlight-Engine-Mark-1-main\.agent\skills\render-volumetric-fog","render-volumetric-fog",""
"D:\Projetos\Fusion ENGINE\Starlight-Engine-Mark-1-main\.agent\skills\save-system","save-system",""
"D:\Projetos\Fusion ENGINE\Starlight-Engine-Mark-1-main\.agent\skills\security-audit","security-audit",""
"D:\Projetos\Fusion ENGINE\Starlight-Engine-Mark-1-main\.agent\skills\shader-dev","shader-dev",""
"D:\Projetos\Fusion ENGINE\Starlight-Engine-Mark-1-main\.agent\skills\starlight-2d-minigame-standards","starlight-2d-minigame-standards",""
"D:\Projetos\Fusion ENGINE\Starlight-Engine-Mark-1-main\.agent\skills\starlight-master","starlight-master",""
"D:\Projetos\Fusion ENGINE\Starlight-Engine-Mark-1-main\.agent\skills\starlight-standard","starlight-standard",""
"D:\Projetos\Fusion ENGINE\Starlight-Engine-Mark-1-main\.agent\skills\texture-optimization","texture-optimization",""
"D:\Projetos\Fusion ENGINE\Starlight-Engine-Mark-1-main\.agent\skills\ui-accessibility","ui-accessibility",""
"D:\Projetos\Fusion ENGINE\Starlight-Engine-Mark-1-main\.agent\skills\ui-damage-numbers","ui-damage-numbers",""
"D:\Projetos\Fusion ENGINE\Starlight-Engine-Mark-1-main\.agent\skills\ui-dialogue-visual","ui-dialogue-visual",""
"D:\Projetos\Fusion ENGINE\Starlight-Engine-Mark-1-main\.agent\skills\ui-inventory-grid","ui-inventory-grid",""
"D:\Projetos\Fusion ENGINE\Starlight-Engine-Mark-1-main\.agent\skills\ui-layout-flexbox","ui-layout-flexbox",""
"D:\Projetos\Fusion ENGINE\Starlight-Engine-Mark-1-main\.agent\skills\ui-minimap","ui-minimap",""
"D:\Projetos\Fusion ENGINE\Starlight-Engine-Mark-1-main\.agent\skills\ui-rich-text","ui-rich-text",""
"D:\Projetos\Fusion ENGINE\Starlight-Engine-Mark-1-main\.agent\skills\ui-settings-menu","ui-settings-menu",""
"D:\Projetos\Fusion ENGINE\Starlight-Engine-Mark-1-main\.agent\skills\ui-skill-tree","ui-skill-tree",""
"D:\Projetos\Fusion ENGINE\Starlight-Engine-Mark-1-main\.agent\skills\ui-theming","ui-theming",""
"D:\Projetos\Fusion ENGINE\Starlight-Engine-Mark-1-main\.agent\skills\ui-widgets","ui-widgets",""
"D:\Projetos\Fusion ENGINE\Starlight-Engine-Mark-1-main\.agent\skills\ui-world-space","ui-world-space",""
"D:\Projetos\Fusion ENGINE\Starlight-Engine-Mark-1-main\.agent\skills\vector-math","vector-math",""
"D:\Projetos\Fusion ENGINE\Starlight-Engine-Mark-1-main\.agent\skills\version-control-branching","version-control-branching",""
"D:\Projetos\Fusion ENGINE\Starlight-Engine-Mark-1-main\.agent\skills\visual-scripting","visual-scripting",""
"D:\Projetos\Fusion ENGINE\Starlight-Engine-Mark-1-main\.github\ISSUE_TEMPLATE","ISSUE_TEMPLATE",""
"D:\Projetos\Fusion ENGINE\Starlight-Engine-Mark-1-main\.github\workflows","workflows",""
"D:\Projetos\Fusion ENGINE\Starlight-Engine-Mark-1-main\.hypothesis\constants","constants",""
"D:\Projetos\Fusion ENGINE\Starlight-Engine-Mark-1-main\.hypothesis\examples","examples",""
"D:\Projetos\Fusion ENGINE\Starlight-Engine-Mark-1-main\.hypothesis\tmp","tmp",""
"D:\Projetos\Fusion ENGINE\Starlight-Engine-Mark-1-main\.hypothesis\unicode_data","unicode_data",""
"D:\Projetos\Fusion ENGINE\Starlight-Engine-Mark-1-main\.hypothesis\constants\04703c8d272a7aae","04703c8d272a7aae",""
"D:\Projetos\Fusion ENGINE\Starlight-Engine-Mark-1-main\.hypothesis\constants\05bf15846301d66d","05bf15846301d66d",""
"D:\Projetos\Fusion ENGINE\Starlight-Engine-Mark-1-main\.hypothesis\constants\0c0278bd3b8228df","0c0278bd3b8228df",""
"D:\Projetos\Fusion ENGINE\Starlight-Engine-Mark-1-main\.hypothesis\constants\102ca8ab930ec773","102ca8ab930ec773",""
"D:\Projetos\Fusion ENGINE\Starlight-Engine-Mark-1-main\.hypothesis\constants\11a7dc3f624a5eb7","11a7dc3f624a5eb7",""
"D:\Projetos\Fusion ENGINE\Starlight-Engine-Mark-1-main\.hypothesis\constants\1bf2d5f1cf84e3b6","1bf2d5f1cf84e3b6",""
"D:\Projetos\Fusion ENGINE\Starlight-Engine-Mark-1-main\.hypothesis\constants\205ce4fed21e026f","205ce4fed21e026f",""
"D:\Projetos\Fusion ENGINE\Starlight-Engine-Mark-1-main\.hypothesis\constants\231485415407348b","231485415407348b",""
"D:\Projetos\Fusion ENGINE\Starlight-Engine-Mark-1-main\.hypothesis\constants\2a07121b3b69655a","2a07121b3b69655a",""
"D:\Projetos\Fusion ENGINE\Starlight-Engine-Mark-1-main\.hypothesis\constants\2c77a4f22cfe09bc","2c77a4f22cfe09bc",""
"D:\Projetos\Fusion ENGINE\Starlight-Engine-Mark-1-main\.hypothesis\constants\336b4097d0e35339","336b4097d0e35339",""
"D:\Projetos\Fusion ENGINE\Starlight-Engine-Mark-1-main\.hypothesis\constants\3537100142b1e172","3537100142b1e172",""
"D:\Projetos\Fusion ENGINE\Starlight-Engine-Mark-1-main\.hypothesis\constants\3721a53aa84467dd","3721a53aa84467dd",""
"D:\Projetos\Fusion ENGINE\Starlight-Engine-Mark-1-main\.hypothesis\constants\38eaf8026959392e","38eaf8026959392e",""
"D:\Projetos\Fusion ENGINE\Starlight-Engine-Mark-1-main\.hypothesis\constants\398bdde4ce0e92f4","398bdde4ce0e92f4",""
"D:\Projetos\Fusion ENGINE\Starlight-Engine-Mark-1-main\.hypothesis\constants\3e0da3a5ae89dc1e","3e0da3a5ae89dc1e",""
"D:\Projetos\Fusion ENGINE\Starlight-Engine-Mark-1-main\.hypothesis\constants\3f5486f438300a34","3f5486f438300a34",""
"D:\Projetos\Fusion ENGINE\Starlight-Engine-Mark-1-main\.hypothesis\constants\40411c656fb941f8","40411c656fb941f8",""
"D:\Projetos\Fusion ENGINE\Starlight-Engine-Mark-1-main\.hypothesis\constants\4309b7ecb34ea470","4309b7ecb34ea470",""
"D:\Projetos\Fusion ENGINE\Starlight-Engine-Mark-1-main\.hypothesis\constants\4ad0ddae478fe62a","4ad0ddae478fe62a",""
"D:\Projetos\Fusion ENGINE\Starlight-Engine-Mark-1-main\.hypothesis\constants\4bf146d92671b18a","4bf146d92671b18a",""
"D:\Projetos\Fusion ENGINE\Starlight-Engine-Mark-1-main\.hypothesis\constants\4df4e66b77c76bba","4df4e66b77c76bba",""
"D:\Projetos\Fusion ENGINE\Starlight-Engine-Mark-1-main\.hypothesis\constants\524bb2a23fa8cd37","524bb2a23fa8cd37",""
"D:\Projetos\Fusion ENGINE\Starlight-Engine-Mark-1-main\.hypothesis\constants\556f71f6c2de229c","556f71f6c2de229c",""
"D:\Projetos\Fusion ENGINE\Starlight-Engine-Mark-1-main\.hypothesis\constants\55b36264c27a620d","55b36264c27a620d",""
"D:\Projetos\Fusion ENGINE\Starlight-Engine-Mark-1-main\.hypothesis\constants\5635648502a012bd","5635648502a012bd",""
"D:\Projetos\Fusion ENGINE\Starlight-Engine-Mark-1-main\.hypothesis\constants\6c649e7e61478b1e","6c649e7e61478b1e",""
"D:\Projetos\Fusion ENGINE\Starlight-Engine-Mark-1-main\.hypothesis\constants\6fbe5e5c3430383a","6fbe5e5c3430383a",""
"D:\Projetos\Fusion ENGINE\Starlight-Engine-Mark-1-main\.hypothesis\constants\728a70f6b433bdf7","728a70f6b433bdf7",""
"D:\Projetos\Fusion ENGINE\Starlight-Engine-Mark-1-main\.hypothesis\constants\77e02f36fbd49d04","77e02f36fbd49d04",""
"D:\Projetos\Fusion ENGINE\Starlight-Engine-Mark-1-main\.hypothesis\constants\7cb9488567749d30","7cb9488567749d30",""
"D:\Projetos\Fusion ENGINE\Starlight-Engine-Mark-1-main\.hypothesis\constants\8de212257ff9984f","8de212257ff9984f",""
"D:\Projetos\Fusion ENGINE\Starlight-Engine-Mark-1-main\.hypothesis\constants\944598e0e1f3e787","944598e0e1f3e787",""
"D:\Projetos\Fusion ENGINE\Starlight-Engine-Mark-1-main\.hypothesis\constants\97509d2964a97dda","97509d2964a97dda",""
"D:\Projetos\Fusion ENGINE\Starlight-Engine-Mark-1-main\.hypothesis\constants\9f753de843268629","9f753de843268629",""
"D:\Projetos\Fusion ENGINE\Starlight-Engine-Mark-1-main\.hypothesis\constants\a0cd1ed949a35fc4","a0cd1ed949a35fc4",""
"D:\Projetos\Fusion ENGINE\Starlight-Engine-Mark-1-main\.hypothesis\constants\a602d919414dbb58","a602d919414dbb58",""
"D:\Projetos\Fusion ENGINE\Starlight-Engine-Mark-1-main\.hypothesis\constants\ad95ad5e0201d5fb","ad95ad5e0201d5fb",""
"D:\Projetos\Fusion ENGINE\Starlight-Engine-Mark-1-main\.hypothesis\constants\ae4efda6f5f84355","ae4efda6f5f84355",""
"D:\Projetos\Fusion ENGINE\Starlight-Engine-Mark-1-main\.hypothesis\constants\aeabbf9c434abddd","aeabbf9c434abddd",""
"D:\Projetos\Fusion ENGINE\Starlight-Engine-Mark-1-main\.hypothesis\constants\b9a2a594890c667d","b9a2a594890c667d",""
"D:\Projetos\Fusion ENGINE\Starlight-Engine-Mark-1-main\.hypothesis\constants\b9a816d199bd644e","b9a816d199bd644e",""
"D:\Projetos\Fusion ENGINE\Starlight-Engine-Mark-1-main\.hypothesis\constants\b9e7cdace859a581","b9e7cdace859a581",""
"D:\Projetos\Fusion ENGINE\Starlight-Engine-Mark-1-main\.hypothesis\constants\c41672d8503a0974","c41672d8503a0974",""
"D:\Projetos\Fusion ENGINE\Starlight-Engine-Mark-1-main\.hypothesis\constants\c506ec70619c3f2c","c506ec70619c3f2c",""
"D:\Projetos\Fusion ENGINE\Starlight-Engine-Mark-1-main\.hypothesis\constants\cbe6481d60dcd87b","cbe6481d60dcd87b",""
"D:\Projetos\Fusion ENGINE\Starlight-Engine-Mark-1-main\.hypothesis\constants\cf497600ef3f84e0","cf497600ef3f84e0",""
"D:\Projetos\Fusion ENGINE\Starlight-Engine-Mark-1-main\.hypothesis\constants\cfd4c35482097fa5","cfd4c35482097fa5",""
"D:\Projetos\Fusion ENGINE\Starlight-Engine-Mark-1-main\.hypothesis\constants\d3f44db7b0cc9884","d3f44db7b0cc9884",""
"D:\Projetos\Fusion ENGINE\Starlight-Engine-Mark-1-main\.hypothesis\constants\da39a3ee5e6b4b0d","da39a3ee5e6b4b0d",""
"D:\Projetos\Fusion ENGINE\Starlight-Engine-Mark-1-main\.hypothesis\constants\ddd4577b710576cc","ddd4577b710576cc",""
"D:\Projetos\Fusion ENGINE\Starlight-Engine-Mark-1-main\.hypothesis\constants\e176cde848eafc46","e176cde848eafc46",""
"D:\Projetos\Fusion ENGINE\Starlight-Engine-Mark-1-main\.hypothesis\constants\ec74aab639433c09","ec74aab639433c09",""
"D:\Projetos\Fusion ENGINE\Starlight-Engine-Mark-1-main\.hypothesis\constants\ee4ea1ec2efc2aef","ee4ea1ec2efc2aef",""
"D:\Projetos\Fusion ENGINE\Starlight-Engine-Mark-1-main\.hypothesis\constants\f1798e948059ae9e","f1798e948059ae9e",""
"D:\Projetos\Fusion ENGINE\Starlight-Engine-Mark-1-main\.hypothesis\constants\f4cc5624d76804c4","f4cc5624d76804c4",""
"D:\Projetos\Fusion ENGINE\Starlight-Engine-Mark-1-main\.hypothesis\constants\f8be76a01dfd3f72","f8be76a01dfd3f72",""
"D:\Projetos\Fusion ENGINE\Starlight-Engine-Mark-1-main\.hypothesis\constants\faf909cd3719b67f","faf909cd3719b67f",""
"D:\Projetos\Fusion ENGINE\Starlight-Engine-Mark-1-main\.hypothesis\constants\fb8ea0d9f84d49da","fb8ea0d9f84d49da",""
"D:\Projetos\Fusion ENGINE\Starlight-Engine-Mark-1-main\.hypothesis\constants\fe1c27e506176ce1","fe1c27e506176ce1",""
"D:\Projetos\Fusion ENGINE\Starlight-Engine-Mark-1-main\.hypothesis\examples\04e6b3400353b141","04e6b3400353b141",""
"D:\Projetos\Fusion ENGINE\Starlight-Engine-Mark-1-main\.hypothesis\examples\2a30faf737d7a326","2a30faf737d7a326",""
"D:\Projetos\Fusion ENGINE\Starlight-Engine-Mark-1-main\.hypothesis\examples\570f0b15cab6d60c","570f0b15cab6d60c",""
"D:\Projetos\Fusion ENGINE\Starlight-Engine-Mark-1-main\.hypothesis\examples\9e017bc8538a10b5","9e017bc8538a10b5",""
"D:\Projetos\Fusion ENGINE\Starlight-Engine-Mark-1-main\.hypothesis\examples\d5a3e90087fc1fbf","d5a3e90087fc1fbf",""
"D:\Projetos\Fusion ENGINE\Starlight-Engine-Mark-1-main\.hypothesis\examples\dea0da0b7ce443d2","dea0da0b7ce443d2",""
"D:\Projetos\Fusion ENGINE\Starlight-Engine-Mark-1-main\.hypothesis\examples\04e6b3400353b141\2a30faf737d7a326","2a30faf737d7a326",""
"D:\Projetos\Fusion ENGINE\Starlight-Engine-Mark-1-main\.hypothesis\examples\04e6b3400353b141\570f0b15cab6d60c","570f0b15cab6d60c",""
"D:\Projetos\Fusion ENGINE\Starlight-Engine-Mark-1-main\.hypothesis\examples\04e6b3400353b141\9e017bc8538a10b5","9e017bc8538a10b5",""
"D:\Projetos\Fusion ENGINE\Starlight-Engine-Mark-1-main\.hypothesis\examples\04e6b3400353b141\d5a3e90087fc1fbf","d5a3e90087fc1fbf",""
"D:\Projetos\Fusion ENGINE\Starlight-Engine-Mark-1-main\.hypothesis\examples\04e6b3400353b141\dea0da0b7ce443d2","dea0da0b7ce443d2",""
"D:\Projetos\Fusion ENGINE\Starlight-Engine-Mark-1-main\.hypothesis\examples\2a30faf737d7a326\9027d2331e2deb12","9027d2331e2deb12",""
"D:\Projetos\Fusion ENGINE\Starlight-Engine-Mark-1-main\.hypothesis\examples\570f0b15cab6d60c\e1ee30da63155cdc","e1ee30da63155cdc",""
"D:\Projetos\Fusion ENGINE\Starlight-Engine-Mark-1-main\.hypothesis\examples\9e017bc8538a10b5\03cadcc76a417d47","03cadcc76a417d47",""
"D:\Projetos\Fusion ENGINE\Starlight-Engine-Mark-1-main\.hypothesis\examples\9e017bc8538a10b5\06a0f827da5862cf","06a0f827da5862cf",""
"D:\Projetos\Fusion ENGINE\Starlight-Engine-Mark-1-main\.hypothesis\examples\9e017bc8538a10b5\152e4b44b25aec21","152e4b44b25aec21",""
"D:\Projetos\Fusion ENGINE\Starlight-Engine-Mark-1-main\.hypothesis\examples\9e017bc8538a10b5\1707fb3086c25876","1707fb3086c25876",""
"D:\Projetos\Fusion ENGINE\Starlight-Engine-Mark-1-main\.hypothesis\examples\9e017bc8538a10b5\177d5ce61848f660","177d5ce61848f660",""
"D:\Projetos\Fusion ENGINE\Starlight-Engine-Mark-1-main\.hypothesis\examples\9e017bc8538a10b5\1c905d8d88b1556b","1c905d8d88b1556b",""
"D:\Projetos\Fusion ENGINE\Starlight-Engine-Mark-1-main\.hypothesis\examples\9e017bc8538a10b5\2008fd72acc2f842","2008fd72acc2f842",""
"D:\Projetos\Fusion ENGINE\Starlight-Engine-Mark-1-main\.hypothesis\examples\9e017bc8538a10b5\20c9a4e6f9b3d9ea","20c9a4e6f9b3d9ea",""
"D:\Projetos\Fusion ENGINE\Starlight-Engine-Mark-1-main\.hypothesis\examples\9e017bc8538a10b5\22df8abb1dbb0c6a","22df8abb1dbb0c6a",""
"D:\Projetos\Fusion ENGINE\Starlight-Engine-Mark-1-main\.hypothesis\examples\9e017bc8538a10b5\36c63f440b3cd0ae","36c63f440b3cd0ae",""
"D:\Projetos\Fusion ENGINE\Starlight-Engine-Mark-1-main\.hypothesis\examples\9e017bc8538a10b5\3ad129eb68aec467","3ad129eb68aec467",""
"D:\Projetos\Fusion ENGINE\Starlight-Engine-Mark-1-main\.hypothesis\examples\9e017bc8538a10b5\3d10767141a1f117","3d10767141a1f117",""
"D:\Projetos\Fusion ENGINE\Starlight-Engine-Mark-1-main\.hypothesis\examples\9e017bc8538a10b5\43771fee38f63b71","43771fee38f63b71",""
"D:\Projetos\Fusion ENGINE\Starlight-Engine-Mark-1-main\.hypothesis\examples\9e017bc8538a10b5\57ce8b4926e02d36","57ce8b4926e02d36",""
"D:\Projetos\Fusion ENGINE\Starlight-Engine-Mark-1-main\.hypothesis\examples\9e017bc8538a10b5\5adc0b958cd24a64","5adc0b958cd24a64",""
"D:\Projetos\Fusion ENGINE\Starlight-Engine-Mark-1-main\.hypothesis\examples\9e017bc8538a10b5\679a08d99aabf556","679a08d99aabf556",""
"D:\Projetos\Fusion ENGINE\Starlight-Engine-Mark-1-main\.hypothesis\examples\9e017bc8538a10b5\7521ec9c3fc83238","7521ec9c3fc83238",""
"D:\Projetos\Fusion ENGINE\Starlight-Engine-Mark-1-main\.hypothesis\examples\9e017bc8538a10b5\7c1c41e1c2e6ac2e","7c1c41e1c2e6ac2e",""
"D:\Projetos\Fusion ENGINE\Starlight-Engine-Mark-1-main\.hypothesis\examples\9e017bc8538a10b5\7dc6be14555080d9","7dc6be14555080d9",""
"D:\Projetos\Fusion ENGINE\Starlight-Engine-Mark-1-main\.hypothesis\examples\9e017bc8538a10b5\849b7cf280ffbe44","849b7cf280ffbe44",""
"D:\Projetos\Fusion ENGINE\Starlight-Engine-Mark-1-main\.hypothesis\examples\9e017bc8538a10b5\8843ed0052c6dadc","8843ed0052c6dadc",""
"D:\Projetos\Fusion ENGINE\Starlight-Engine-Mark-1-main\.hypothesis\examples\9e017bc8538a10b5\8a14c23205e1d8ee","8a14c23205e1d8ee",""
"D:\Projetos\Fusion ENGINE\Starlight-Engine-Mark-1-main\.hypothesis\examples\9e017bc8538a10b5\906ba561945791fe","906ba561945791fe",""
"D:\Projetos\Fusion ENGINE\Starlight-Engine-Mark-1-main\.hypothesis\examples\9e017bc8538a10b5\90963aface3e54d2","90963aface3e54d2",""
"D:\Projetos\Fusion ENGINE\Starlight-Engine-Mark-1-main\.hypothesis\examples\9e017bc8538a10b5\947e9c88a67b381c","947e9c88a67b381c",""
"D:\Projetos\Fusion ENGINE\Starlight-Engine-Mark-1-main\.hypothesis\examples\9e017bc8538a10b5\97714018da6673ef","97714018da6673ef",""
"D:\Projetos\Fusion ENGINE\Starlight-Engine-Mark-1-main\.hypothesis\examples\9e017bc8538a10b5\99c148ea3090bd80","99c148ea3090bd80",""
"D:\Projetos\Fusion ENGINE\Starlight-Engine-Mark-1-main\.hypothesis\examples\9e017bc8538a10b5\a7c7c132c54db411","a7c7c132c54db411",""
"D:\Projetos\Fusion ENGINE\Starlight-Engine-Mark-1-main\.hypothesis\examples\9e017bc8538a10b5\aa7847f3bde58ba0","aa7847f3bde58ba0",""
"D:\Projetos\Fusion ENGINE\Starlight-Engine-Mark-1-main\.hypothesis\examples\9e017bc8538a10b5\aaf8dc77c4d3fac9","aaf8dc77c4d3fac9",""
"D:\Projetos\Fusion ENGINE\Starlight-Engine-Mark-1-main\.hypothesis\examples\9e017bc8538a10b5\af3daab915ec8f67","af3daab915ec8f67",""
"D:\Projetos\Fusion ENGINE\Starlight-Engine-Mark-1-main\.hypothesis\examples\9e017bc8538a10b5\afd0edcfab3f27f5","afd0edcfab3f27f5",""
"D:\Projetos\Fusion ENGINE\Starlight-Engine-Mark-1-main\.hypothesis\examples\9e017bc8538a10b5\b2d2a858cf3e9d9d","b2d2a858cf3e9d9d",""
"D:\Projetos\Fusion ENGINE\Starlight-Engine-Mark-1-main\.hypothesis\examples\9e017bc8538a10b5\b33f3a476de344b3","b33f3a476de344b3",""
"D:\Projetos\Fusion ENGINE\Starlight-Engine-Mark-1-main\.hypothesis\examples\9e017bc8538a10b5\ba65dd40fe755087","ba65dd40fe755087",""
"D:\Projetos\Fusion ENGINE\Starlight-Engine-Mark-1-main\.hypothesis\examples\9e017bc8538a10b5\c71f6ee158b858c6","c71f6ee158b858c6",""
"D:\Projetos\Fusion ENGINE\Starlight-Engine-Mark-1-main\.hypothesis\examples\9e017bc8538a10b5\d1d6ef9427787622","d1d6ef9427787622",""
"D:\Projetos\Fusion ENGINE\Starlight-Engine-Mark-1-main\.hypothesis\examples\9e017bc8538a10b5\d361a6aa17baedb1","d361a6aa17baedb1",""
"D:\Projetos\Fusion ENGINE\Starlight-Engine-Mark-1-main\.hypothesis\examples\9e017bc8538a10b5\d534fcf0f114bb02","d534fcf0f114bb02",""
"D:\Projetos\Fusion ENGINE\Starlight-Engine-Mark-1-main\.hypothesis\examples\9e017bc8538a10b5\dce8af2c6551d05a","dce8af2c6551d05a",""
"D:\Projetos\Fusion ENGINE\Starlight-Engine-Mark-1-main\.hypothesis\examples\9e017bc8538a10b5\e4b757d386f6b0f9","e4b757d386f6b0f9",""
"D:\Projetos\Fusion ENGINE\Starlight-Engine-Mark-1-main\.hypothesis\examples\9e017bc8538a10b5\ebfd845e8db24d9f","ebfd845e8db24d9f",""
"D:\Projetos\Fusion ENGINE\Starlight-Engine-Mark-1-main\.hypothesis\examples\9e017bc8538a10b5\ef5d0e624444b8cd","ef5d0e624444b8cd",""
"D:\Projetos\Fusion ENGINE\Starlight-Engine-Mark-1-main\.hypothesis\examples\d5a3e90087fc1fbf\bb78f987b44d5c79","bb78f987b44d5c79",""
"D:\Projetos\Fusion ENGINE\Starlight-Engine-Mark-1-main\.hypothesis\examples\dea0da0b7ce443d2\3bc472fced8db2b6","3bc472fced8db2b6",""
"D:\Projetos\Fusion ENGINE\Starlight-Engine-Mark-1-main\.hypothesis\tmp\tmpgzk0yr0e","tmpgzk0yr0e",""
"D:\Projetos\Fusion ENGINE\Starlight-Engine-Mark-1-main\.hypothesis\tmp\tmpo1dv8j81","tmpo1dv8j81",""
"D:\Projetos\Fusion ENGINE\Starlight-Engine-Mark-1-main\.hypothesis\tmp\tmpzcy4sl58","tmpzcy4sl58",""
"D:\Projetos\Fusion ENGINE\Starlight-Engine-Mark-1-main\assets\audio","audio",""
"D:\Projetos\Fusion ENGINE\Starlight-Engine-Mark-1-main\assets\captures","captures",""
"D:\Projetos\Fusion ENGINE\Starlight-Engine-Mark-1-main\assets\fonts","fonts",""
"D:\Projetos\Fusion ENGINE\Starlight-Engine-Mark-1-main\assets\images","images",""
"D:\Projetos\Fusion ENGINE\Starlight-Engine-Mark-1-main\assets\models","models",""
"D:\Projetos\Fusion ENGINE\Starlight-Engine-Mark-1-main\assets\scenes","scenes",""
"D:\Projetos\Fusion ENGINE\Starlight-Engine-Mark-1-main\assets\sfx","sfx",""
"D:\Projetos\Fusion ENGINE\Starlight-Engine-Mark-1-main\assets\shaders","shaders",""
"D:\Projetos\Fusion ENGINE\Starlight-Engine-Mark-1-main\assets\skybox","skybox",""
"D:\Projetos\Fusion ENGINE\Starlight-Engine-Mark-1-main\assets\textures","textures",""
"D:\Projetos\Fusion ENGINE\Starlight-Engine-Mark-1-main\assets\audio\sfx","sfx",""
"D:\Projetos\Fusion ENGINE\Starlight-Engine-Mark-1-main\assets\models\generated","generated",""
"D:\Projetos\Fusion ENGINE\Starlight-Engine-Mark-1-main\assets\models\temp","temp",""
"D:\Projetos\Fusion ENGINE\Starlight-Engine-Mark-1-main\assets\scenes\voxelcraft","voxelcraft",""
"D:\Projetos\Fusion ENGINE\Starlight-Engine-Mark-1-main\assets\textures\planets","planets",""
"D:\Projetos\Fusion ENGINE\Starlight-Engine-Mark-1-main\assets\textures\ui","ui",""
"D:\Projetos\Fusion ENGINE\Starlight-Engine-Mark-1-main\docs\archive","archive",""
"D:\Projetos\Fusion ENGINE\Starlight-Engine-Mark-1-main\docs\blueprint","blueprint",""
"D:\Projetos\Fusion ENGINE\Starlight-Engine-Mark-1-main\docs\reports","reports",""
"D:\Projetos\Fusion ENGINE\Starlight-Engine-Mark-1-main\include\glad","glad",""
"D:\Projetos\Fusion ENGINE\Starlight-Engine-Mark-1-main\include\glad\include","include",""
"D:\Projetos\Fusion ENGINE\Starlight-Engine-Mark-1-main\include\glad\src","src",""
"D:\Projetos\Fusion ENGINE\Starlight-Engine-Mark-1-main\include\glad\include\glad","glad",""
"D:\Projetos\Fusion ENGINE\Starlight-Engine-Mark-1-main\include\glad\include\KHR","KHR",""
"D:\Projetos\Fusion ENGINE\Starlight-Engine-Mark-1-main\src\legacy","legacy",""
"D:\Projetos\Fusion ENGINE\Starlight-Engine-Mark-1-main\_archive_mark1\.agent",".agent",".agent"
"D:\Projetos\Fusion ENGINE\Starlight-Engine-Mark-1-main\_archive_mark1\crates","crates",""
"D:\Projetos\Fusion ENGINE\Starlight-Engine-Mark-1-main\_archive_mark1\demos","demos",""
"D:\Projetos\Fusion ENGINE\Starlight-Engine-Mark-1-main\_archive_mark1\docs","docs",""
"D:\Projetos\Fusion ENGINE\Starlight-Engine-Mark-1-main\_archive_mark1\games","games",""
"D:\Projetos\Fusion ENGINE\Starlight-Engine-Mark-1-main\_archive_mark1\pysrc","pysrc",""
"D:\Projetos\Fusion ENGINE\Starlight-Engine-Mark-1-main\_archive_mark1\scripts","scripts",""
"D:\Projetos\Fusion ENGINE\Starlight-Engine-Mark-1-main\_archive_mark1\tests","tests",""
"D:\Projetos\Fusion ENGINE\Starlight-Engine-Mark-1-main\_archive_mark1\tools","tools",""
"D:\Projetos\Fusion ENGINE\Starlight-Engine-Mark-1-main\_archive_mark1\.agent\skills","skills",""
"D:\Projetos\Fusion ENGINE\Starlight-Engine-Mark-1-main\_archive_mark1\.agent\skills\ai-blackboard-shared","ai-blackboard-shared",""
"D:\Projetos\Fusion ENGINE\Starlight-Engine-Mark-1-main\_archive_mark1\.agent\skills\ai-cover-system","ai-cover-system",""
"D:\Projetos\Fusion ENGINE\Starlight-Engine-Mark-1-main\_archive_mark1\.agent\skills\ai-dialogue-llm","ai-dialogue-llm",""
"D:\Projetos\Fusion ENGINE\Starlight-Engine-Mark-1-main\_archive_mark1\.agent\skills\ai-goap","ai-goap",""
"D:\Projetos\Fusion ENGINE\Starlight-Engine-Mark-1-main\_archive_mark1\.agent\skills\ai-navmesh-generation","ai-navmesh-generation",""
"D:\Projetos\Fusion ENGINE\Starlight-Engine-Mark-1-main\_archive_mark1\.agent\skills\ai-pathfinding-astar","ai-pathfinding-astar",""
"D:\Projetos\Fusion ENGINE\Starlight-Engine-Mark-1-main\_archive_mark1\.agent\skills\ai-perception-hearing","ai-perception-hearing",""
"D:\Projetos\Fusion ENGINE\Starlight-Engine-Mark-1-main\_archive_mark1\.agent\skills\ai-perception-vision","ai-perception-vision",""
"D:\Projetos\Fusion ENGINE\Starlight-Engine-Mark-1-main\_archive_mark1\.agent\skills\ai-steering-behaviors","ai-steering-behaviors",""
"D:\Projetos\Fusion ENGINE\Starlight-Engine-Mark-1-main\_archive_mark1\.agent\skills\ai-utility-system","ai-utility-system",""
"D:\Projetos\Fusion ENGINE\Starlight-Engine-Mark-1-main\_archive_mark1\.agent\skills\anthropic-python-concepts","anthropic-python-concepts",""
"D:\Projetos\Fusion ENGINE\Starlight-Engine-Mark-1-main\_archive_mark1\.agent\skills\behavior-trees","behavior-trees",""
"D:\Projetos\Fusion ENGINE\Starlight-Engine-Mark-1-main\_archive_mark1\.agent\skills\benchmarks-rust","benchmarks-rust",""
"D:\Projetos\Fusion ENGINE\Starlight-Engine-Mark-1-main\_archive_mark1\.agent\skills\cli-automation","cli-automation",""
"D:\Projetos\Fusion ENGINE\Starlight-Engine-Mark-1-main\_archive_mark1\.agent\skills\core-game-loop","core-game-loop",""
"D:\Projetos\Fusion ENGINE\Starlight-Engine-Mark-1-main\_archive_mark1\.agent\skills\core-input-manager","core-input-manager",""
"D:\Projetos\Fusion ENGINE\Starlight-Engine-Mark-1-main\_archive_mark1\.agent\skills\core-scene-manager","core-scene-manager",""
"D:\Projetos\Fusion ENGINE\Starlight-Engine-Mark-1-main\_archive_mark1\.agent\skills\core-scripting-api","core-scripting-api",""
"D:\Projetos\Fusion ENGINE\Starlight-Engine-Mark-1-main\_archive_mark1\.agent\skills\debug-python-errors","debug-python-errors",""
"D:\Projetos\Fusion ENGINE\Starlight-Engine-Mark-1-main\_archive_mark1\.agent\skills\debug-rust-errors","debug-rust-errors",""
"D:\Projetos\Fusion ENGINE\Starlight-Engine-Mark-1-main\_archive_mark1\.agent\skills\dependency-check","dependency-check",""
"D:\Projetos\Fusion ENGINE\Starlight-Engine-Mark-1-main\_archive_mark1\.agent\skills\documentation-sphinx","documentation-sphinx",""
"D:\Projetos\Fusion ENGINE\Starlight-Engine-Mark-1-main\_archive_mark1\.agent\skills\ecs-component","ecs-component",""
"D:\Projetos\Fusion ENGINE\Starlight-Engine-Mark-1-main\_archive_mark1\.agent\skills\ecs-system","ecs-system",""
"D:\Projetos\Fusion ENGINE\Starlight-Engine-Mark-1-main\_archive_mark1\.agent\skills\fix-rust-warnings","fix-rust-warnings",""
"D:\Projetos\Fusion ENGINE\Starlight-Engine-Mark-1-main\_archive_mark1\.agent\skills\microsoft-rust-style","microsoft-rust-style",""
"D:\Projetos\Fusion ENGINE\Starlight-Engine-Mark-1-main\_archive_mark1\.agent\skills\python-bindings","python-bindings",""
"D:\Projetos\Fusion ENGINE\Starlight-Engine-Mark-1-main\_archive_mark1\.agent\skills\python-decorators","python-decorators",""
"D:\Projetos\Fusion ENGINE\Starlight-Engine-Mark-1-main\_archive_mark1\.agent\skills\python-numpy-integration","python-numpy-integration",""
"D:\Projetos\Fusion ENGINE\Starlight-Engine-Mark-1-main\_archive_mark1\.agent\skills\rapier-physics-3d","rapier-physics-3d",""
"D:\Projetos\Fusion ENGINE\Starlight-Engine-Mark-1-main\_archive_mark1\.agent\skills\rust-build","rust-build",""
"D:\Projetos\Fusion ENGINE\Starlight-Engine-Mark-1-main\_archive_mark1\.agent\skills\rust-concurrency","rust-concurrency",""
"D:\Projetos\Fusion ENGINE\Starlight-Engine-Mark-1-main\_archive_mark1\.agent\skills\rust-memory-management","rust-memory-management",""
"D:\Projetos\Fusion ENGINE\Starlight-Engine-Mark-1-main\_archive_mark1\.agent\skills\unit-testing-python","unit-testing-python",""
"D:\Projetos\Fusion ENGINE\Starlight-Engine-Mark-1-main\_archive_mark1\.agent\skills\wgpu-renderer","wgpu-renderer",""
"D:\Projetos\Fusion ENGINE\Starlight-Engine-Mark-1-main\_archive_mark1\crates\engine_audio","engine_audio",""
"D:\Projetos\Fusion ENGINE\Starlight-Engine-Mark-1-main\_archive_mark1\crates\engine_core","engine_core",""
"D:\Projetos\Fusion ENGINE\Starlight-Engine-Mark-1-main\_archive_mark1\crates\engine_launcher","engine_launcher",""
"D:\Projetos\Fusion ENGINE\Starlight-Engine-Mark-1-main\_archive_mark1\crates\engine_render","engine_render",""
"D:\Projetos\Fusion ENGINE\Starlight-Engine-Mark-1-main\_archive_mark1\crates\engine_audio\src","src",""
"D:\Projetos\Fusion ENGINE\Starlight-Engine-Mark-1-main\_archive_mark1\crates\engine_core\src","src",""
"D:\Projetos\Fusion ENGINE\Starlight-Engine-Mark-1-main\_archive_mark1\crates\engine_core\src\ecs","ecs",""
"D:\Projetos\Fusion ENGINE\Starlight-Engine-Mark-1-main\_archive_mark1\crates\engine_core\src\input","input",""
"D:\Projetos\Fusion ENGINE\Starlight-Engine-Mark-1-main\_archive_mark1\crates\engine_core\src\physics","physics",""
"D:\Projetos\Fusion ENGINE\Starlight-Engine-Mark-1-main\_archive_mark1\crates\engine_core\src\procedural","procedural",""
"D:\Projetos\Fusion ENGINE\Starlight-Engine-Mark-1-main\_archive_mark1\crates\engine_launcher\src","src",""
"D:\Projetos\Fusion ENGINE\Starlight-Engine-Mark-1-main\_archive_mark1\crates\engine_render\src","src",""
"D:\Projetos\Fusion ENGINE\Starlight-Engine-Mark-1-main\_archive_mark1\crates\engine_render\.gitignore",".gitignore",".gitignore"
"D:\Projetos\Fusion ENGINE\Starlight-Engine-Mark-1-main\_archive_mark1\crates\engine_render\src\pipeline","pipeline",""
"D:\Projetos\Fusion ENGINE\Starlight-Engine-Mark-1-main\_archive_mark1\crates\engine_render\src\renderer","renderer",""
"D:\Projetos\Fusion ENGINE\Starlight-Engine-Mark-1-main\_archive_mark1\crates\engine_render\src\resources","resources",""
"D:\Projetos\Fusion ENGINE\Starlight-Engine-Mark-1-main\_archive_mark1\games\assets","assets",""
"D:\Projetos\Fusion ENGINE\Starlight-Engine-Mark-1-main\_archive_mark1\games\assets\audio","audio",""
"D:\Projetos\Fusion ENGINE\Starlight-Engine-Mark-1-main\_archive_mark1\games\assets\fonts","fonts",""
"D:\Projetos\Fusion ENGINE\Starlight-Engine-Mark-1-main\_archive_mark1\games\assets\models","models",""
"D:\Projetos\Fusion ENGINE\Starlight-Engine-Mark-1-main\_archive_mark1\games\assets\scenes","scenes",""
"D:\Projetos\Fusion ENGINE\Starlight-Engine-Mark-1-main\_archive_mark1\games\assets\shaders","shaders",""
"D:\Projetos\Fusion ENGINE\Starlight-Engine-Mark-1-main\_archive_mark1\games\assets\skybox","skybox",""
"D:\Projetos\Fusion ENGINE\Starlight-Engine-Mark-1-main\_archive_mark1\games\assets\textures","textures",""
"D:\Projetos\Fusion ENGINE\Starlight-Engine-Mark-1-main\_archive_mark1\games\assets\scenes\voxelcraft","voxelcraft",""
"D:\Projetos\Fusion ENGINE\Starlight-Engine-Mark-1-main\_archive_mark1\games\assets\textures\planets","planets",""
"D:\Projetos\Fusion ENGINE\Starlight-Engine-Mark-1-main\_archive_mark1\pysrc\debug","debug",""
"D:\Projetos\Fusion ENGINE\Starlight-Engine-Mark-1-main\_archive_mark1\pysrc\demos","demos",""
"D:\Projetos\Fusion ENGINE\Starlight-Engine-Mark-1-main\_archive_mark1\pysrc\engine","engine",""
"D:\Projetos\Fusion ENGINE\Starlight-Engine-Mark-1-main\_archive_mark1\pysrc\starlight","starlight",""
"D:\Projetos\Fusion ENGINE\Starlight-Engine-Mark-1-main\_archive_mark1\pysrc\starlight\ai","ai",""
"D:\Projetos\Fusion ENGINE\Starlight-Engine-Mark-1-main\_archive_mark1\pysrc\starlight\audio","audio",""
"D:\Projetos\Fusion ENGINE\Starlight-Engine-Mark-1-main\_archive_mark1\pysrc\starlight\editor","editor",""
"D:\Projetos\Fusion ENGINE\Starlight-Engine-Mark-1-main\_archive_mark1\pysrc\starlight\engine","engine",""
"D:\Projetos\Fusion ENGINE\Starlight-Engine-Mark-1-main\_archive_mark1\pysrc\starlight\game","game",""
"D:\Projetos\Fusion ENGINE\Starlight-Engine-Mark-1-main\_archive_mark1\pysrc\starlight\network","network",""
"D:\Projetos\Fusion ENGINE\Starlight-Engine-Mark-1-main\_archive_mark1\pysrc\starlight\platform","platform",""
"D:\Projetos\Fusion ENGINE\Starlight-Engine-Mark-1-main\_archive_mark1\pysrc\starlight\procgen","procgen",""
"D:\Projetos\Fusion ENGINE\Starlight-Engine-Mark-1-main\_archive_mark1\pysrc\starlight\skills","skills",""
"D:\Projetos\Fusion ENGINE\Starlight-Engine-Mark-1-main\_archive_mark1\pysrc\starlight\ui","ui",""
"D:\Projetos\Fusion ENGINE\Starlight-Engine-Mark-1-main\_archive_mark1\pysrc\starlight\utils","utils",""
"D:\Projetos\Fusion ENGINE\Starlight-Engine-Mark-1-main\_archive_mark1\pysrc\starlight\editor\nodes","nodes",""
"D:\Projetos\Fusion ENGINE\Starlight-Engine-Mark-1-main\_archive_mark1\tests\manual","manual",""
"D:\Projetos\Fusion ENGINE\Quimera-Project-feature-initial-engine-research-and-skeleton-15858236916178612466\assets","assets",""
"D:\Projetos\Fusion ENGINE\Quimera-Project-feature-initial-engine-research-and-skeleton-15858236916178612466\Dev","Dev",""
"D:\Projetos\Fusion ENGINE\Quimera-Project-feature-initial-engine-research-and-skeleton-15858236916178612466\include","include",""
"D:\Projetos\Fusion ENGINE\Quimera-Project-feature-initial-engine-research-and-skeleton-15858236916178612466\src","src",""
"D:\Projetos\Fusion ENGINE\Quimera-Project-feature-initial-engine-research-and-skeleton-15858236916178612466\thirdparty","thirdparty",""
"D:\Projetos\Fusion ENGINE\Quimera-Project-feature-initial-engine-research-and-skeleton-15858236916178612466\vcpkg_tool","vcpkg_tool",""
"D:\Projetos\Fusion ENGINE\Quimera-Project-feature-initial-engine-research-and-skeleton-15858236916178612466\.gitignore",".gitignore",".gitignore"
"D:\Projetos\Fusion ENGINE\Quimera-Project-feature-initial-engine-research-and-skeleton-15858236916178612466\assets\ai","ai",""
"D:\Projetos\Fusion ENGINE\Quimera-Project-feature-initial-engine-research-and-skeleton-15858236916178612466\assets\scenes","scenes",""
"D:\Projetos\Fusion ENGINE\Quimera-Project-feature-initial-engine-research-and-skeleton-15858236916178612466\assets\scripts","scripts",""
"D:\Projetos\Fusion ENGINE\Quimera-Project-feature-initial-engine-research-and-skeleton-15858236916178612466\assets\shaders","shaders",""
"D:\Projetos\Fusion ENGINE\Quimera-Project-feature-initial-engine-research-and-skeleton-15858236916178612466\assets\textures","textures",""
"D:\Projetos\Fusion ENGINE\Quimera-Project-feature-initial-engine-research-and-skeleton-15858236916178612466\Dev\release","release",""
"D:\Projetos\Fusion ENGINE\Quimera-Project-feature-initial-engine-research-and-skeleton-15858236916178612466\Dev\release\tools","tools",""
"D:\Projetos\Fusion ENGINE\Quimera-Project-feature-initial-engine-research-and-skeleton-15858236916178612466\thirdparty\behaviortree","behaviortree",""
"D:\Projetos\Fusion ENGINE\Quimera-Project-feature-initial-engine-research-and-skeleton-15858236916178612466\thirdparty\box2d","box2d",""
"D:\Projetos\Fusion ENGINE\Quimera-Project-feature-initial-engine-research-and-skeleton-15858236916178612466\thirdparty\cereal","cereal",""
"D:\Projetos\Fusion ENGINE\Quimera-Project-feature-initial-engine-research-and-skeleton-15858236916178612466\thirdparty\cpp-httplib","cpp-httplib",""
"D:\Projetos\Fusion ENGINE\Quimera-Project-feature-initial-engine-research-and-skeleton-15858236916178612466\thirdparty\dr_libs","dr_libs",""
"D:\Projetos\Fusion ENGINE\Quimera-Project-feature-initial-engine-research-and-skeleton-15858236916178612466\thirdparty\effekseer","effekseer",""
"D:\Projetos\Fusion ENGINE\Quimera-Project-feature-initial-engine-research-and-skeleton-15858236916178612466\thirdparty\enet","enet",""
"D:\Projetos\Fusion ENGINE\Quimera-Project-feature-initial-engine-research-and-skeleton-15858236916178612466\thirdparty\entt","entt",""
"D:\Projetos\Fusion ENGINE\Quimera-Project-feature-initial-engine-research-and-skeleton-15858236916178612466\thirdparty\FastNoiseLite","FastNoiseLite",""
"D:\Projetos\Fusion ENGINE\Quimera-Project-feature-initial-engine-research-and-skeleton-15858236916178612466\thirdparty\fontstash","fontstash",""
"D:\Projetos\Fusion ENGINE\Quimera-Project-feature-initial-engine-research-and-skeleton-15858236916178612466\thirdparty\gainput","gainput",""
"D:\Projetos\Fusion ENGINE\Quimera-Project-feature-initial-engine-research-and-skeleton-15858236916178612466\thirdparty\godot","godot",""
"D:\Projetos\Fusion ENGINE\Quimera-Project-feature-initial-engine-research-and-skeleton-15858236916178612466\thirdparty\imgui","imgui",""
"D:\Projetos\Fusion ENGINE\Quimera-Project-feature-initial-engine-research-and-skeleton-15858236916178612466\thirdparty\ImGuizmo","ImGuizmo",""
"D:\Projetos\Fusion ENGINE\Quimera-Project-feature-initial-engine-research-and-skeleton-15858236916178612466\thirdparty\imgui_club","imgui_club",""
"D:\Projetos\Fusion ENGINE\Quimera-Project-feature-initial-engine-research-and-skeleton-15858236916178612466\thirdparty\JoltPhysics","JoltPhysics",""
"D:\Projetos\Fusion ENGINE\Quimera-Project-feature-initial-engine-research-and-skeleton-15858236916178612466\thirdparty\json","json",""
"D:\Projetos\Fusion ENGINE\Quimera-Project-feature-initial-engine-research-and-skeleton-15858236916178612466\thirdparty\lz4","lz4",""
"D:\Projetos\Fusion ENGINE\Quimera-Project-feature-initial-engine-research-and-skeleton-15858236916178612466\thirdparty\meshoptimizer","meshoptimizer",""
"D:\Projetos\Fusion ENGINE\Quimera-Project-feature-initial-engine-research-and-skeleton-15858236916178612466\thirdparty\microui","microui",""
"D:\Projetos\Fusion ENGINE\Quimera-Project-feature-initial-engine-research-and-skeleton-15858236916178612466\thirdparty\nanobind","nanobind",""
"D:\Projetos\Fusion ENGINE\Quimera-Project-feature-initial-engine-research-and-skeleton-15858236916178612466\thirdparty\ozz-animation","ozz-animation",""
"D:\Projetos\Fusion ENGINE\Quimera-Project-feature-initial-engine-research-and-skeleton-15858236916178612466\thirdparty\pl_mpeg","pl_mpeg",""
"D:\Projetos\Fusion ENGINE\Quimera-Project-feature-initial-engine-research-and-skeleton-15858236916178612466\thirdparty\recastnavigation","recastnavigation",""
"D:\Projetos\Fusion ENGINE\Quimera-Project-feature-initial-engine-research-and-skeleton-15858236916178612466\thirdparty\simpleini","simpleini",""
"D:\Projetos\Fusion ENGINE\Quimera-Project-feature-initial-engine-research-and-skeleton-15858236916178612466\thirdparty\sol2","sol2",""
"D:\Projetos\Fusion ENGINE\Quimera-Project-feature-initial-engine-research-and-skeleton-15858236916178612466\thirdparty\spdlog","spdlog",""
"D:\Projetos\Fusion ENGINE\Quimera-Project-feature-initial-engine-research-and-skeleton-15858236916178612466\thirdparty\taskflow","taskflow",""
"D:\Projetos\Fusion ENGINE\Quimera-Project-feature-initial-engine-research-and-skeleton-15858236916178612466\thirdparty\tinygltf","tinygltf",""
"D:\Projetos\Fusion ENGINE\Quimera-Project-feature-initial-engine-research-and-skeleton-15858236916178612466\thirdparty\tinyobjloader","tinyobjloader",""
"D:\Projetos\Fusion ENGINE\Quimera-Project-feature-initial-engine-research-and-skeleton-15858236916178612466\thirdparty\tracy","tracy",""
"D:\Projetos\Fusion ENGINE\Quimera-Project-feature-initial-engine-research-and-skeleton-15858236916178612466\thirdparty\wicked","wicked",""
"D:\Projetos\Fusion ENGINE\Quimera-Project-feature-initial-engine-research-and-skeleton-15858236916178612466\thirdparty\yaml-cpp","yaml-cpp",""
"D:\Projetos\Fusion ENGINE\Quimera-Project-feature-initial-engine-research-and-skeleton-15858236916178612466\thirdparty\zstd","zstd",""
"D:\Projetos\Fusion ENGINE\Quimera-Project-feature-initial-engine-research-and-skeleton-15858236916178612466\thirdparty\godot\core","core",""
"D:\Projetos\Fusion ENGINE\Quimera-Project-feature-initial-engine-research-and-skeleton-15858236916178612466\thirdparty\godot\core\math","math",""
"D:\Projetos\Fusion ENGINE\Quimera-Project-feature-initial-engine-research-and-skeleton-15858236916178612466\thirdparty\lua-5.4.7\doc","doc",""
"D:\Projetos\Fusion ENGINE\Quimera-Project-feature-initial-engine-research-and-skeleton-15858236916178612466\thirdparty\lua-5.4.7\src","src",""
"D:\Projetos\Fusion ENGINE\Quimera-Project-feature-initial-engine-research-and-skeleton-15858236916178612466\thirdparty\lua-5.4.7\Makefile","Makefile",""
"D:\Projetos\Fusion ENGINE\Quimera-Project-feature-initial-engine-research-and-skeleton-15858236916178612466\thirdparty\lua-5.4.7\README","README",""
"D:\Projetos\Fusion ENGINE\Quimera-Project-feature-initial-engine-research-and-skeleton-15858236916178612466\thirdparty\lua-5.4.7\src\Makefile","Makefile",""
"D:\Projetos\Fusion ENGINE\Quimera-Project-feature-initial-engine-research-and-skeleton-15858236916178612466\thirdparty\wicked\core","core",""
